location,date,vaccine,source_url,total_vaccinations,people_vaccinated,total_boosters
Hong Kong,2021-02-22,Sinovac,https://data.gov.hk/en-data/dataset/hk-fhb-fhbcovid19-vaccination-rates-over-time-by-age,47,47,0
Hong Kong,2021-02-23,Sinovac,https://data.gov.hk/en-data/dataset/hk-fhb-fhbcovid19-vaccination-rates-over-time-by-age,579,579,0
Hong Kong,2021-02-26,Sinovac,https://data.gov.hk/en-data/dataset/hk-fhb-fhbcovid19-vaccination-rates-over-time-by-age,6645,6645,0
Hong Kong,2021-02-27,Sinovac,https://data.gov.hk/en-data/dataset/hk-fhb-fhbcovid19-vaccination-rates-over-time-by-age,13685,13684,1
Hong Kong,2021-02-28,Sinovac,https://data.gov.hk/en-data/dataset/hk-fhb-fhbcovid19-vaccination-rates-over-time-by-age,20700,20699,1
Hong Kong,2021-03-01,Sinovac,https://data.gov.hk/en-data/dataset/hk-fhb-fhbcovid19-vaccination-rates-over-time-by-age,27108,27107,1
Hong Kong,2021-03-02,Sinovac,https://data.gov.hk/en-data/dataset/hk-fhb-fhbcovid19-vaccination-rates-over-time-by-age,40179,40178,1
Hong Kong,2021-03-03,Sinovac,https://data.gov.hk/en-data/dataset/hk-fhb-fhbcovid19-vaccination-rates-over-time-by-age,51847,51844,3
Hong Kong,2021-03-04,Sinovac,https://data.gov.hk/en-data/dataset/hk-fhb-fhbcovid19-vaccination-rates-over-time-by-age,62236,62233,3
Hong Kong,2021-03-05,Sinovac,https://data.gov.hk/en-data/dataset/hk-fhb-fhbcovid19-vaccination-rates-over-time-by-age,72374,72371,3
Hong Kong,2021-03-06,"Pfizer/BioNTech, Sinovac",https://data.gov.hk/en-data/dataset/hk-fhb-fhbcovid19-vaccination-rates-over-time-by-age,84030,84026,4
Hong Kong,2021-03-07,"Pfizer/BioNTech, Sinovac",https://data.gov.hk/en-data/dataset/hk-fhb-fhbcovid19-vaccination-rates-over-time-by-age,93023,93018,5
Hong Kong,2021-03-08,"Pfizer/BioNTech, Sinovac",https://data.gov.hk/en-data/dataset/hk-fhb-fhbcovid19-vaccination-rates-over-time-by-age,103848,103843,5
Hong Kong,2021-03-09,"Pfizer/BioNTech, Sinovac",https://data.gov.hk/en-data/dataset/hk-fhb-fhbcovid19-vaccination-rates-over-time-by-age,113524,113518,6
Hong Kong,2021-03-10,"Pfizer/BioNTech, Sinovac",https://data.gov.hk/en-data/dataset/hk-fhb-fhbcovid19-vaccination-rates-over-time-by-age,130546,130539,7
Hong Kong,2021-03-11,"Pfizer/BioNTech, Sinovac",https://data.gov.hk/en-data/dataset/hk-fhb-fhbcovid19-vaccination-rates-over-time-by-age,145906,145899,7
Hong Kong,2021-03-12,"Pfizer/BioNTech, Sinovac",https://data.gov.hk/en-data/dataset/hk-fhb-fhbcovid19-vaccination-rates-over-time-by-age,162228,162221,7
Hong Kong,2021-03-13,"Pfizer/BioNTech, Sinovac",https://data.gov.hk/en-data/dataset/hk-fhb-fhbcovid19-vaccination-rates-over-time-by-age,177109,177101,8
Hong Kong,2021-03-14,"Pfizer/BioNTech, Sinovac",https://data.gov.hk/en-data/dataset/hk-fhb-fhbcovid19-vaccination-rates-over-time-by-age,190729,190721,8
Hong Kong,2021-03-15,"Pfizer/BioNTech, Sinovac",https://data.gov.hk/en-data/dataset/hk-fhb-fhbcovid19-vaccination-rates-over-time-by-age,206092,206084,8
Hong Kong,2021-03-16,"Pfizer/BioNTech, Sinovac",https://data.gov.hk/en-data/dataset/hk-fhb-fhbcovid19-vaccination-rates-over-time-by-age,229419,229411,8
Hong Kong,2021-03-17,"Pfizer/BioNTech, Sinovac",https://data.gov.hk/en-data/dataset/hk-fhb-fhbcovid19-vaccination-rates-over-time-by-age,254019,254010,9
Hong Kong,2021-03-18,"Pfizer/BioNTech, Sinovac",https://data.gov.hk/en-data/dataset/hk-fhb-fhbcovid19-vaccination-rates-over-time-by-age,276646,276636,10
Hong Kong,2021-03-19,"Pfizer/BioNTech, Sinovac",https://data.gov.hk/en-data/dataset/hk-fhb-fhbcovid19-vaccination-rates-over-time-by-age,304251,304241,10
Hong Kong,2021-03-20,"Pfizer/BioNTech, Sinovac",https://data.gov.hk/en-data/dataset/hk-fhb-fhbcovid19-vaccination-rates-over-time-by-age,330619,330608,11
Hong Kong,2021-03-21,"Pfizer/BioNTech, Sinovac",https://data.gov.hk/en-data/dataset/hk-fhb-fhbcovid19-vaccination-rates-over-time-by-age,354439,354428,11
Hong Kong,2021-03-22,"Pfizer/BioNTech, Sinovac",https://data.gov.hk/en-data/dataset/hk-fhb-fhbcovid19-vaccination-rates-over-time-by-age,379694,379640,54
Hong Kong,2021-03-23,"Pfizer/BioNTech, Sinovac",https://data.gov.hk/en-data/dataset/hk-fhb-fhbcovid19-vaccination-rates-over-time-by-age,403526,403077,449
Hong Kong,2021-03-24,"Pfizer/BioNTech, Sinovac",https://data.gov.hk/en-data/dataset/hk-fhb-fhbcovid19-vaccination-rates-over-time-by-age,413301,412820,481
Hong Kong,2021-03-25,"Pfizer/BioNTech, Sinovac",https://data.gov.hk/en-data/dataset/hk-fhb-fhbcovid19-vaccination-rates-over-time-by-age,421521,421012,509
Hong Kong,2021-03-26,"Pfizer/BioNTech, Sinovac",https://data.gov.hk/en-data/dataset/hk-fhb-fhbcovid19-vaccination-rates-over-time-by-age,435238,429531,5707
Hong Kong,2021-03-27,"Pfizer/BioNTech, Sinovac",https://data.gov.hk/en-data/dataset/hk-fhb-fhbcovid19-vaccination-rates-over-time-by-age,449278,437263,12015
Hong Kong,2021-03-28,"Pfizer/BioNTech, Sinovac",https://data.gov.hk/en-data/dataset/hk-fhb-fhbcovid19-vaccination-rates-over-time-by-age,462452,443898,18554
Hong Kong,2021-03-29,"Pfizer/BioNTech, Sinovac",https://data.gov.hk/en-data/dataset/hk-fhb-fhbcovid19-vaccination-rates-over-time-by-age,475123,450516,24607
Hong Kong,2021-03-30,"Pfizer/BioNTech, Sinovac",https://data.gov.hk/en-data/dataset/hk-fhb-fhbcovid19-vaccination-rates-over-time-by-age,490318,455921,34397
Hong Kong,2021-03-31,"Pfizer/BioNTech, Sinovac",https://data.gov.hk/en-data/dataset/hk-fhb-fhbcovid19-vaccination-rates-over-time-by-age,505099,461054,44045
Hong Kong,2021-04-01,"Pfizer/BioNTech, Sinovac",https://data.gov.hk/en-data/dataset/hk-fhb-fhbcovid19-vaccination-rates-over-time-by-age,520377,466277,54100
Hong Kong,2021-04-02,"Pfizer/BioNTech, Sinovac",https://data.gov.hk/en-data/dataset/hk-fhb-fhbcovid19-vaccination-rates-over-time-by-age,531239,471420,59819
Hong Kong,2021-04-03,"Pfizer/BioNTech, Sinovac",https://data.gov.hk/en-data/dataset/hk-fhb-fhbcovid19-vaccination-rates-over-time-by-age,543988,475045,68943
Hong Kong,2021-04-04,"Pfizer/BioNTech, Sinovac",https://data.gov.hk/en-data/dataset/hk-fhb-fhbcovid19-vaccination-rates-over-time-by-age,556073,478874,77199
Hong Kong,2021-04-05,"Pfizer/BioNTech, Sinovac",https://data.gov.hk/en-data/dataset/hk-fhb-fhbcovid19-vaccination-rates-over-time-by-age,577238,486973,90265
Hong Kong,2021-04-06,"Pfizer/BioNTech, Sinovac",https://data.gov.hk/en-data/dataset/hk-fhb-fhbcovid19-vaccination-rates-over-time-by-age,616006,502690,113316
Hong Kong,2021-04-07,"Pfizer/BioNTech, Sinovac",https://data.gov.hk/en-data/dataset/hk-fhb-fhbcovid19-vaccination-rates-over-time-by-age,659791,516020,143771
Hong Kong,2021-04-08,"Pfizer/BioNTech, Sinovac",https://data.gov.hk/en-data/dataset/hk-fhb-fhbcovid19-vaccination-rates-over-time-by-age,700308,529476,170832
Hong Kong,2021-04-09,"Pfizer/BioNTech, Sinovac",https://data.gov.hk/en-data/dataset/hk-fhb-fhbcovid19-vaccination-rates-over-time-by-age,745040,543627,201413
Hong Kong,2021-04-10,"Pfizer/BioNTech, Sinovac",https://data.gov.hk/en-data/dataset/hk-fhb-fhbcovid19-vaccination-rates-over-time-by-age,791555,559928,231627
Hong Kong,2021-04-11,"Pfizer/BioNTech, Sinovac",https://data.gov.hk/en-data/dataset/hk-fhb-fhbcovid19-vaccination-rates-over-time-by-age,834897,578938,255959
Hong Kong,2021-04-12,"Pfizer/BioNTech, Sinovac",https://data.gov.hk/en-data/dataset/hk-fhb-fhbcovid19-vaccination-rates-over-time-by-age,878249,597554,280695
Hong Kong,2021-04-13,"Pfizer/BioNTech, Sinovac",https://data.gov.hk/en-data/dataset/hk-fhb-fhbcovid19-vaccination-rates-over-time-by-age,918958,615408,303550
Hong Kong,2021-04-14,"Pfizer/BioNTech, Sinovac",https://data.gov.hk/en-data/dataset/hk-fhb-fhbcovid19-vaccination-rates-over-time-by-age,951117,632363,318754
Hong Kong,2021-04-15,"Pfizer/BioNTech, Sinovac",https://data.gov.hk/en-data/dataset/hk-fhb-fhbcovid19-vaccination-rates-over-time-by-age,981098,648997,332101
Hong Kong,2021-04-16,"Pfizer/BioNTech, Sinovac",https://data.gov.hk/en-data/dataset/hk-fhb-fhbcovid19-vaccination-rates-over-time-by-age,1017852,671882,345970
Hong Kong,2021-04-17,"Pfizer/BioNTech, Sinovac",https://data.gov.hk/en-data/dataset/hk-fhb-fhbcovid19-vaccination-rates-over-time-by-age,1057277,697330,359947
Hong Kong,2021-04-18,"Pfizer/BioNTech, Sinovac",https://data.gov.hk/en-data/dataset/hk-fhb-fhbcovid19-vaccination-rates-over-time-by-age,1091108,719899,371208
Hong Kong,2021-04-19,"Pfizer/BioNTech, Sinovac",https://data.gov.hk/en-data/dataset/hk-fhb-fhbcovid19-vaccination-rates-over-time-by-age,1123580,741388,382191
Hong Kong,2021-04-20,"Pfizer/BioNTech, Sinovac",https://data.gov.hk/en-data/dataset/hk-fhb-fhbcovid19-vaccination-rates-over-time-by-age,1149666,758676,390989
Hong Kong,2021-04-21,"Pfizer/BioNTech, Sinovac",https://data.gov.hk/en-data/dataset/hk-fhb-fhbcovid19-vaccination-rates-over-time-by-age,1173107,773888,399218
Hong Kong,2021-04-22,"Pfizer/BioNTech, Sinovac",https://data.gov.hk/en-data/dataset/hk-fhb-fhbcovid19-vaccination-rates-over-time-by-age,1196657,789280,407376
Hong Kong,2021-04-23,"Pfizer/BioNTech, Sinovac",https://data.gov.hk/en-data/dataset/hk-fhb-fhbcovid19-vaccination-rates-over-time-by-age,1222890,806727,416162
Hong Kong,2021-04-24,"Pfizer/BioNTech, Sinovac",https://data.gov.hk/en-data/dataset/hk-fhb-fhbcovid19-vaccination-rates-over-time-by-age,1253080,828257,424822
Hong Kong,2021-04-25,"Pfizer/BioNTech, Sinovac",https://data.gov.hk/en-data/dataset/hk-fhb-fhbcovid19-vaccination-rates-over-time-by-age,1275191,842680,432510
Hong Kong,2021-04-26,"Pfizer/BioNTech, Sinovac",https://data.gov.hk/en-data/dataset/hk-fhb-fhbcovid19-vaccination-rates-over-time-by-age,1302214,859937,442276
Hong Kong,2021-04-27,"Pfizer/BioNTech, Sinovac",https://data.gov.hk/en-data/dataset/hk-fhb-fhbcovid19-vaccination-rates-over-time-by-age,1326883,872381,454500
Hong Kong,2021-04-28,"Pfizer/BioNTech, Sinovac",https://data.gov.hk/en-data/dataset/hk-fhb-fhbcovid19-vaccination-rates-over-time-by-age,1351767,884169,467596
Hong Kong,2021-04-29,"Pfizer/BioNTech, Sinovac",https://data.gov.hk/en-data/dataset/hk-fhb-fhbcovid19-vaccination-rates-over-time-by-age,1377522,897010,480510
Hong Kong,2021-04-30,"Pfizer/BioNTech, Sinovac",https://data.gov.hk/en-data/dataset/hk-fhb-fhbcovid19-vaccination-rates-over-time-by-age,1413792,916316,497474
Hong Kong,2021-05-01,"Pfizer/BioNTech, Sinovac",https://data.gov.hk/en-data/dataset/hk-fhb-fhbcovid19-vaccination-rates-over-time-by-age,1454432,936395,518035
Hong Kong,2021-05-02,"Pfizer/BioNTech, Sinovac",https://data.gov.hk/en-data/dataset/hk-fhb-fhbcovid19-vaccination-rates-over-time-by-age,1491950,952145,539803
Hong Kong,2021-05-03,"Pfizer/BioNTech, Sinovac",https://data.gov.hk/en-data/dataset/hk-fhb-fhbcovid19-vaccination-rates-over-time-by-age,1529673,971935,557736
Hong Kong,2021-05-04,"Pfizer/BioNTech, Sinovac",https://data.gov.hk/en-data/dataset/hk-fhb-fhbcovid19-vaccination-rates-over-time-by-age,1562856,989766,573088
Hong Kong,2021-05-05,"Pfizer/BioNTech, Sinovac",https://data.gov.hk/en-data/dataset/hk-fhb-fhbcovid19-vaccination-rates-over-time-by-age,1593632,1005426,588204
Hong Kong,2021-05-06,"Pfizer/BioNTech, Sinovac",https://data.gov.hk/en-data/dataset/hk-fhb-fhbcovid19-vaccination-rates-over-time-by-age,1624072,1021222,602848
Hong Kong,2021-05-07,"Pfizer/BioNTech, Sinovac",https://data.gov.hk/en-data/dataset/hk-fhb-fhbcovid19-vaccination-rates-over-time-by-age,1662380,1038366,624012
Hong Kong,2021-05-08,"Pfizer/BioNTech, Sinovac",https://data.gov.hk/en-data/dataset/hk-fhb-fhbcovid19-vaccination-rates-over-time-by-age,1704468,1055518,648948
Hong Kong,2021-05-09,"Pfizer/BioNTech, Sinovac",https://data.gov.hk/en-data/dataset/hk-fhb-fhbcovid19-vaccination-rates-over-time-by-age,1741686,1071458,670226
Hong Kong,2021-05-10,"Pfizer/BioNTech, Sinovac",https://data.gov.hk/en-data/dataset/hk-fhb-fhbcovid19-vaccination-rates-over-time-by-age,1776574,1087201,689371
Hong Kong,2021-05-11,"Pfizer/BioNTech, Sinovac",https://data.gov.hk/en-data/dataset/hk-fhb-fhbcovid19-vaccination-rates-over-time-by-age,1805085,1100425,704658
Hong Kong,2021-05-12,"Pfizer/BioNTech, Sinovac",https://data.gov.hk/en-data/dataset/hk-fhb-fhbcovid19-vaccination-rates-over-time-by-age,1830874,1112092,718780
Hong Kong,2021-05-13,"Pfizer/BioNTech, Sinovac",https://data.gov.hk/en-data/dataset/hk-fhb-fhbcovid19-vaccination-rates-over-time-by-age,1856652,1123394,733256
Hong Kong,2021-05-14,"Pfizer/BioNTech, Sinovac",https://data.gov.hk/en-data/dataset/hk-fhb-fhbcovid19-vaccination-rates-over-time-by-age,1888634,1138069,750563
Hong Kong,2021-05-15,"Pfizer/BioNTech, Sinovac",https://data.gov.hk/en-data/dataset/hk-fhb-fhbcovid19-vaccination-rates-over-time-by-age,1926267,1153973,772292
Hong Kong,2021-05-16,"Pfizer/BioNTech, Sinovac",https://data.gov.hk/en-data/dataset/hk-fhb-fhbcovid19-vaccination-rates-over-time-by-age,1955090,1167862,787226
Hong Kong,2021-05-17,"Pfizer/BioNTech, Sinovac",https://data.gov.hk/en-data/dataset/hk-fhb-fhbcovid19-vaccination-rates-over-time-by-age,1984344,1180439,803903
Hong Kong,2021-05-18,"Pfizer/BioNTech, Sinovac",https://data.gov.hk/en-data/dataset/hk-fhb-fhbcovid19-vaccination-rates-over-time-by-age,2010385,1193629,816754
Hong Kong,2021-05-19,"Pfizer/BioNTech, Sinovac",https://data.gov.hk/en-data/dataset/hk-fhb-fhbcovid19-vaccination-rates-over-time-by-age,2026552,1202372,824178
Hong Kong,2021-05-20,"Pfizer/BioNTech, Sinovac",https://data.gov.hk/en-data/dataset/hk-fhb-fhbcovid19-vaccination-rates-over-time-by-age,2050335,1213127,837206
Hong Kong,2021-05-21,"Pfizer/BioNTech, Sinovac",https://data.gov.hk/en-data/dataset/hk-fhb-fhbcovid19-vaccination-rates-over-time-by-age,2081179,1227137,854040
Hong Kong,2021-05-22,"Pfizer/BioNTech, Sinovac",https://data.gov.hk/en-data/dataset/hk-fhb-fhbcovid19-vaccination-rates-over-time-by-age,2117836,1243001,874833
Hong Kong,2021-05-23,"Pfizer/BioNTech, Sinovac",https://data.gov.hk/en-data/dataset/hk-fhb-fhbcovid19-vaccination-rates-over-time-by-age,2146660,1254797,891861
Hong Kong,2021-05-24,"Pfizer/BioNTech, Sinovac",https://data.gov.hk/en-data/dataset/hk-fhb-fhbcovid19-vaccination-rates-over-time-by-age,2175040,1267445,907593
Hong Kong,2021-05-25,"Pfizer/BioNTech, Sinovac",https://data.gov.hk/en-data/dataset/hk-fhb-fhbcovid19-vaccination-rates-over-time-by-age,2200101,1278565,921534
Hong Kong,2021-05-26,"Pfizer/BioNTech, Sinovac",https://data.gov.hk/en-data/dataset/hk-fhb-fhbcovid19-vaccination-rates-over-time-by-age,2224181,1289777,934401
Hong Kong,2021-05-27,"Pfizer/BioNTech, Sinovac",https://data.gov.hk/en-data/dataset/hk-fhb-fhbcovid19-vaccination-rates-over-time-by-age,2250325,1302550,947772
Hong Kong,2021-05-28,"Pfizer/BioNTech, Sinovac",https://data.gov.hk/en-data/dataset/hk-fhb-fhbcovid19-vaccination-rates-over-time-by-age,2286323,1319749,966571
Hong Kong,2021-05-29,"Pfizer/BioNTech, Sinovac",https://data.gov.hk/en-data/dataset/hk-fhb-fhbcovid19-vaccination-rates-over-time-by-age,2328875,1342216,986656
Hong Kong,2021-05-30,"Pfizer/BioNTech, Sinovac",https://data.gov.hk/en-data/dataset/hk-fhb-fhbcovid19-vaccination-rates-over-time-by-age,2364051,1359368,1004679
Hong Kong,2021-05-31,"Pfizer/BioNTech, Sinovac",https://data.gov.hk/en-data/dataset/hk-fhb-fhbcovid19-vaccination-rates-over-time-by-age,2400502,1379457,1021041
Hong Kong,2021-06-01,"Pfizer/BioNTech, Sinovac",https://data.gov.hk/en-data/dataset/hk-fhb-fhbcovid19-vaccination-rates-over-time-by-age,2434066,1399306,1034756
Hong Kong,2021-06-02,"Pfizer/BioNTech, Sinovac",https://data.gov.hk/en-data/dataset/hk-fhb-fhbcovid19-vaccination-rates-over-time-by-age,2466584,1419122,1047458
Hong Kong,2021-06-03,"Pfizer/BioNTech, Sinovac",https://data.gov.hk/en-data/dataset/hk-fhb-fhbcovid19-vaccination-rates-over-time-by-age,2502783,1442966,1059812
Hong Kong,2021-06-04,"Pfizer/BioNTech, Sinovac",https://data.gov.hk/en-data/dataset/hk-fhb-fhbcovid19-vaccination-rates-over-time-by-age,2547734,1472110,1075619
Hong Kong,2021-06-05,"Pfizer/BioNTech, Sinovac",https://data.gov.hk/en-data/dataset/hk-fhb-fhbcovid19-vaccination-rates-over-time-by-age,2598269,1503592,1094672
Hong Kong,2021-06-06,"Pfizer/BioNTech, Sinovac",https://data.gov.hk/en-data/dataset/hk-fhb-fhbcovid19-vaccination-rates-over-time-by-age,2637605,1528145,1109455
Hong Kong,2021-06-07,"Pfizer/BioNTech, Sinovac",https://data.gov.hk/en-data/dataset/hk-fhb-fhbcovid19-vaccination-rates-over-time-by-age,2679728,1557557,1122166
Hong Kong,2021-06-08,"Pfizer/BioNTech, Sinovac",https://data.gov.hk/en-data/dataset/hk-fhb-fhbcovid19-vaccination-rates-over-time-by-age,2716208,1583973,1132230
Hong Kong,2021-06-09,"Pfizer/BioNTech, Sinovac",https://data.gov.hk/en-data/dataset/hk-fhb-fhbcovid19-vaccination-rates-over-time-by-age,2749074,1608439,1140630
Hong Kong,2021-06-10,"Pfizer/BioNTech, Sinovac",https://data.gov.hk/en-data/dataset/hk-fhb-fhbcovid19-vaccination-rates-over-time-by-age,2787307,1636522,1150780
Hong Kong,2021-06-11,"Pfizer/BioNTech, Sinovac",https://data.gov.hk/en-data/dataset/hk-fhb-fhbcovid19-vaccination-rates-over-time-by-age,2837741,1671930,1165806
Hong Kong,2021-06-12,"Pfizer/BioNTech, Sinovac",https://data.gov.hk/en-data/dataset/hk-fhb-fhbcovid19-vaccination-rates-over-time-by-age,2891912,1708053,1183853
Hong Kong,2021-06-13,"Pfizer/BioNTech, Sinovac",https://data.gov.hk/en-data/dataset/hk-fhb-fhbcovid19-vaccination-rates-over-time-by-age,2934412,1738142,1196264
Hong Kong,2021-06-14,"Pfizer/BioNTech, Sinovac",https://data.gov.hk/en-data/dataset/hk-fhb-fhbcovid19-vaccination-rates-over-time-by-age,2964863,1761594,1203263
Hong Kong,2021-06-15,"Pfizer/BioNTech, Sinovac",https://data.gov.hk/en-data/dataset/hk-fhb-fhbcovid19-vaccination-rates-over-time-by-age,3006385,1790764,1215615
Hong Kong,2021-06-16,"Pfizer/BioNTech, Sinovac",https://data.gov.hk/en-data/dataset/hk-fhb-fhbcovid19-vaccination-rates-over-time-by-age,3041845,1817954,1223885
Hong Kong,2021-06-17,"Pfizer/BioNTech, Sinovac",https://data.gov.hk/en-data/dataset/hk-fhb-fhbcovid19-vaccination-rates-over-time-by-age,3080748,1847189,1233553
Hong Kong,2021-06-18,"Pfizer/BioNTech, Sinovac",https://data.gov.hk/en-data/dataset/hk-fhb-fhbcovid19-vaccination-rates-over-time-by-age,3131078,1883021,1248050
Hong Kong,2021-06-19,"Pfizer/BioNTech, Sinovac",https://data.gov.hk/en-data/dataset/hk-fhb-fhbcovid19-vaccination-rates-over-time-by-age,3182728,1916402,1266319
Hong Kong,2021-06-20,"Pfizer/BioNTech, Sinovac",https://data.gov.hk/en-data/dataset/hk-fhb-fhbcovid19-vaccination-rates-over-time-by-age,3220647,1940432,1280207
Hong Kong,2021-06-21,"Pfizer/BioNTech, Sinovac",https://data.gov.hk/en-data/dataset/hk-fhb-fhbcovid19-vaccination-rates-over-time-by-age,3266650,1970928,1295714
Hong Kong,2021-06-22,"Pfizer/BioNTech, Sinovac",https://data.gov.hk/en-data/dataset/hk-fhb-fhbcovid19-vaccination-rates-over-time-by-age,3307648,1998731,1308909
Hong Kong,2021-06-23,"Pfizer/BioNTech, Sinovac",https://data.gov.hk/en-data/dataset/hk-fhb-fhbcovid19-vaccination-rates-over-time-by-age,3348332,2026210,1322114
Hong Kong,2021-06-24,"Pfizer/BioNTech, Sinovac",https://data.gov.hk/en-data/dataset/hk-fhb-fhbcovid19-vaccination-rates-over-time-by-age,3394756,2056857,1337891
Hong Kong,2021-06-25,"Pfizer/BioNTech, Sinovac",https://data.gov.hk/en-data/dataset/hk-fhb-fhbcovid19-vaccination-rates-over-time-by-age,3452697,2092286,1360403
Hong Kong,2021-06-26,"Pfizer/BioNTech, Sinovac",https://data.gov.hk/en-data/dataset/hk-fhb-fhbcovid19-vaccination-rates-over-time-by-age,3511296,2122644,1388644
Hong Kong,2021-06-27,"Pfizer/BioNTech, Sinovac",https://data.gov.hk/en-data/dataset/hk-fhb-fhbcovid19-vaccination-rates-over-time-by-age,3561502,2150357,1411137
Hong Kong,2021-06-28,"Pfizer/BioNTech, Sinovac",https://data.gov.hk/en-data/dataset/hk-fhb-fhbcovid19-vaccination-rates-over-time-by-age,3612995,2179645,1433342
Hong Kong,2021-06-29,"Pfizer/BioNTech, Sinovac",https://data.gov.hk/en-data/dataset/hk-fhb-fhbcovid19-vaccination-rates-over-time-by-age,3669065,2212444,1456613
Hong Kong,2021-06-30,"Pfizer/BioNTech, Sinovac",https://data.gov.hk/en-data/dataset/hk-fhb-fhbcovid19-vaccination-rates-over-time-by-age,3729382,2249124,1480250
Hong Kong,2021-07-01,"Pfizer/BioNTech, Sinovac",https://data.gov.hk/en-data/dataset/hk-fhb-fhbcovid19-vaccination-rates-over-time-by-age,3776979,2281796,1495175
Hong Kong,2021-07-02,"Pfizer/BioNTech, Sinovac",https://data.gov.hk/en-data/dataset/hk-fhb-fhbcovid19-vaccination-rates-over-time-by-age,3847094,2316431,1530655
Hong Kong,2021-07-03,"Pfizer/BioNTech, Sinovac",https://data.gov.hk/en-data/dataset/hk-fhb-fhbcovid19-vaccination-rates-over-time-by-age,3908871,2343639,1565223
Hong Kong,2021-07-04,"Pfizer/BioNTech, Sinovac",https://data.gov.hk/en-data/dataset/hk-fhb-fhbcovid19-vaccination-rates-over-time-by-age,3961819,2370463,1591346
Hong Kong,2021-07-05,"Pfizer/BioNTech, Sinovac",https://data.gov.hk/en-data/dataset/hk-fhb-fhbcovid19-vaccination-rates-over-time-by-age,4026401,2406834,1619557
Hong Kong,2021-07-06,"Pfizer/BioNTech, Sinovac",https://data.gov.hk/en-data/dataset/hk-fhb-fhbcovid19-vaccination-rates-over-time-by-age,4086259,2440813,1645436
Hong Kong,2021-07-07,"Pfizer/BioNTech, Sinovac",https://data.gov.hk/en-data/dataset/hk-fhb-fhbcovid19-vaccination-rates-over-time-by-age,4143532,2473898,1669624
Hong Kong,2021-07-08,"Pfizer/BioNTech, Sinovac",https://data.gov.hk/en-data/dataset/hk-fhb-fhbcovid19-vaccination-rates-over-time-by-age,4207285,2509247,1698028
Hong Kong,2021-07-09,"Pfizer/BioNTech, Sinovac",https://data.gov.hk/en-data/dataset/hk-fhb-fhbcovid19-vaccination-rates-over-time-by-age,4277532,2541832,1735690
Hong Kong,2021-07-10,"Pfizer/BioNTech, Sinovac",https://data.gov.hk/en-data/dataset/hk-fhb-fhbcovid19-vaccination-rates-over-time-by-age,4341736,2565239,1776487
Hong Kong,2021-07-11,"Pfizer/BioNTech, Sinovac",https://data.gov.hk/en-data/dataset/hk-fhb-fhbcovid19-vaccination-rates-over-time-by-age,4396776,2591802,1804964
Hong Kong,2021-07-12,"Pfizer/BioNTech, Sinovac",https://data.gov.hk/en-data/dataset/hk-fhb-fhbcovid19-vaccination-rates-over-time-by-age,4458470,2628644,1829815
Hong Kong,2021-07-13,"Pfizer/BioNTech, Sinovac",https://data.gov.hk/en-data/dataset/hk-fhb-fhbcovid19-vaccination-rates-over-time-by-age,4518262,2664638,1853613
Hong Kong,2021-07-14,"Pfizer/BioNTech, Sinovac",https://data.gov.hk/en-data/dataset/hk-fhb-fhbcovid19-vaccination-rates-over-time-by-age,4575562,2698547,1877004
Hong Kong,2021-07-15,"Pfizer/BioNTech, Sinovac",https://data.gov.hk/en-data/dataset/hk-fhb-fhbcovid19-vaccination-rates-over-time-by-age,4638930,2731328,1907591
Hong Kong,2021-07-16,"Pfizer/BioNTech, Sinovac",https://data.gov.hk/en-data/dataset/hk-fhb-fhbcovid19-vaccination-rates-over-time-by-age,4707919,2763606,1944299
Hong Kong,2021-07-17,"Pfizer/BioNTech, Sinovac",https://data.gov.hk/en-data/dataset/hk-fhb-fhbcovid19-vaccination-rates-over-time-by-age,4771439,2790269,1981156
Hong Kong,2021-07-18,"Pfizer/BioNTech, Sinovac",https://data.gov.hk/en-data/dataset/hk-fhb-fhbcovid19-vaccination-rates-over-time-by-age,4826687,2816920,2009753
Hong Kong,2021-07-19,"Pfizer/BioNTech, Sinovac",https://data.gov.hk/en-data/dataset/hk-fhb-fhbcovid19-vaccination-rates-over-time-by-age,4891835,2853327,2038493
Hong Kong,2021-07-20,"Pfizer/BioNTech, Sinovac",https://data.gov.hk/en-data/dataset/hk-fhb-fhbcovid19-vaccination-rates-over-time-by-age,4953536,2888044,2065477
Hong Kong,2021-07-21,"Pfizer/BioNTech, Sinovac",https://data.gov.hk/en-data/dataset/hk-fhb-fhbcovid19-vaccination-rates-over-time-by-age,5014353,2922522,2091816
Hong Kong,2021-07-22,"Pfizer/BioNTech, Sinovac",https://data.gov.hk/en-data/dataset/hk-fhb-fhbcovid19-vaccination-rates-over-time-by-age,5078619,2955657,2122946
Hong Kong,2021-07-23,"Pfizer/BioNTech, Sinovac",https://data.gov.hk/en-data/dataset/hk-fhb-fhbcovid19-vaccination-rates-over-time-by-age,5149402,2982535,2166849
Hong Kong,2021-07-24,"Pfizer/BioNTech, Sinovac",https://data.gov.hk/en-data/dataset/hk-fhb-fhbcovid19-vaccination-rates-over-time-by-age,5214019,3006600,2207400
Hong Kong,2021-07-25,"Pfizer/BioNTech, Sinovac",https://data.gov.hk/en-data/dataset/hk-fhb-fhbcovid19-vaccination-rates-over-time-by-age,5270034,3032076,2237930
Hong Kong,2021-07-26,"Pfizer/BioNTech, Sinovac",https://data.gov.hk/en-data/dataset/hk-fhb-fhbcovid19-vaccination-rates-over-time-by-age,5336675,3065005,2271641
Hong Kong,2021-07-27,"Pfizer/BioNTech, Sinovac",https://data.gov.hk/en-data/dataset/hk-fhb-fhbcovid19-vaccination-rates-over-time-by-age,5401556,3099548,2301979
Hong Kong,2021-07-28,"Pfizer/BioNTech, Sinovac",https://data.gov.hk/en-data/dataset/hk-fhb-fhbcovid19-vaccination-rates-over-time-by-age,5464773,3132492,2332252
Hong Kong,2021-07-29,"Pfizer/BioNTech, Sinovac",https://data.gov.hk/en-data/dataset/hk-fhb-fhbcovid19-vaccination-rates-over-time-by-age,5527856,3165627,2362200
Hong Kong,2021-07-30,"Pfizer/BioNTech, Sinovac",https://data.gov.hk/en-data/dataset/hk-fhb-fhbcovid19-vaccination-rates-over-time-by-age,5598151,3197311,2400811
Hong Kong,2021-07-31,"Pfizer/BioNTech, Sinovac",https://data.gov.hk/en-data/dataset/hk-fhb-fhbcovid19-vaccination-rates-over-time-by-age,5663178,3227258,2435891
Hong Kong,2021-08-01,"Pfizer/BioNTech, Sinovac",https://data.gov.hk/en-data/dataset/hk-fhb-fhbcovid19-vaccination-rates-over-time-by-age,5719050,3256003,2463011
Hong Kong,2021-08-02,"Pfizer/BioNTech, Sinovac",https://data.gov.hk/en-data/dataset/hk-fhb-fhbcovid19-vaccination-rates-over-time-by-age,5788020,3292440,2495543
Hong Kong,2021-08-03,"Pfizer/BioNTech, Sinovac",https://data.gov.hk/en-data/dataset/hk-fhb-fhbcovid19-vaccination-rates-over-time-by-age,5856938,3330795,2526106
Hong Kong,2021-08-04,"Pfizer/BioNTech, Sinovac",https://data.gov.hk/en-data/dataset/hk-fhb-fhbcovid19-vaccination-rates-over-time-by-age,5922371,3366003,2556331
Hong Kong,2021-08-05,"Pfizer/BioNTech, Sinovac",https://data.gov.hk/en-data/dataset/hk-fhb-fhbcovid19-vaccination-rates-over-time-by-age,5989565,3401415,2588112
Hong Kong,2021-08-06,"Pfizer/BioNTech, Sinovac",https://data.gov.hk/en-data/dataset/hk-fhb-fhbcovid19-vaccination-rates-over-time-by-age,6060094,3434112,2625944
Hong Kong,2021-08-07,"Pfizer/BioNTech, Sinovac",https://data.gov.hk/en-data/dataset/hk-fhb-fhbcovid19-vaccination-rates-over-time-by-age,6124780,3463786,2660956
Hong Kong,2021-08-08,"Pfizer/BioNTech, Sinovac",https://data.gov.hk/en-data/dataset/hk-fhb-fhbcovid19-vaccination-rates-over-time-by-age,6180083,3493804,2686238
Hong Kong,2021-08-09,"Pfizer/BioNTech, Sinovac",https://data.gov.hk/en-data/dataset/hk-fhb-fhbcovid19-vaccination-rates-over-time-by-age,6248795,3528636,2720117
Hong Kong,2021-08-10,"Pfizer/BioNTech, Sinovac",https://data.gov.hk/en-data/dataset/hk-fhb-fhbcovid19-vaccination-rates-over-time-by-age,6315616,3565401,2750173
Hong Kong,2021-08-11,"Pfizer/BioNTech, Sinovac",https://data.gov.hk/en-data/dataset/hk-fhb-fhbcovid19-vaccination-rates-over-time-by-age,6381108,3601543,2779522
Hong Kong,2021-08-12,"Pfizer/BioNTech, Sinovac",https://data.gov.hk/en-data/dataset/hk-fhb-fhbcovid19-vaccination-rates-over-time-by-age,6447097,3634690,2812364
Hong Kong,2021-08-13,"Pfizer/BioNTech, Sinovac",https://data.gov.hk/en-data/dataset/hk-fhb-fhbcovid19-vaccination-rates-over-time-by-age,6515614,3668203,2847367
Hong Kong,2021-08-14,"Pfizer/BioNTech, Sinovac",https://data.gov.hk/en-data/dataset/hk-fhb-fhbcovid19-vaccination-rates-over-time-by-age,6579684,3698610,2881029
Hong Kong,2021-08-15,"Pfizer/BioNTech, Sinovac",https://data.gov.hk/en-data/dataset/hk-fhb-fhbcovid19-vaccination-rates-over-time-by-age,6635031,3728217,2906769
Hong Kong,2021-08-16,"Pfizer/BioNTech, Sinovac",https://data.gov.hk/en-data/dataset/hk-fhb-fhbcovid19-vaccination-rates-over-time-by-age,6700066,3763633,2936388
Hong Kong,2021-08-17,"Pfizer/BioNTech, Sinovac",https://data.gov.hk/en-data/dataset/hk-fhb-fhbcovid19-vaccination-rates-over-time-by-age,6761579,3797434,2964098
Hong Kong,2021-08-18,"Pfizer/BioNTech, Sinovac",https://data.gov.hk/en-data/dataset/hk-fhb-fhbcovid19-vaccination-rates-over-time-by-age,6821624,3829764,2991780
Hong Kong,2021-08-19,"Pfizer/BioNTech, Sinovac",https://data.gov.hk/en-data/dataset/hk-fhb-fhbcovid19-vaccination-rates-over-time-by-age,6881184,3858463,3022640
Hong Kong,2021-08-20,"Pfizer/BioNTech, Sinovac",https://data.gov.hk/en-data/dataset/hk-fhb-fhbcovid19-vaccination-rates-over-time-by-age,6944261,3884729,3059449
Hong Kong,2021-08-21,"Pfizer/BioNTech, Sinovac",https://data.gov.hk/en-data/dataset/hk-fhb-fhbcovid19-vaccination-rates-over-time-by-age,7003912,3906886,3096939
Hong Kong,2021-08-22,"Pfizer/BioNTech, Sinovac",https://data.gov.hk/en-data/dataset/hk-fhb-fhbcovid19-vaccination-rates-over-time-by-age,7054293,3928913,3125252
Hong Kong,2021-08-23,"Pfizer/BioNTech, Sinovac",https://data.gov.hk/en-data/dataset/hk-fhb-fhbcovid19-vaccination-rates-over-time-by-age,7114053,3955885,3158041
Hong Kong,2021-08-24,"Pfizer/BioNTech, Sinovac",https://data.gov.hk/en-data/dataset/hk-fhb-fhbcovid19-vaccination-rates-over-time-by-age,7171052,3983098,3187802
Hong Kong,2021-08-25,"Pfizer/BioNTech, Sinovac",https://data.gov.hk/en-data/dataset/hk-fhb-fhbcovid19-vaccination-rates-over-time-by-age,7227404,4008099,3219152
Hong Kong,2021-08-26,"Pfizer/BioNTech, Sinovac",https://data.gov.hk/en-data/dataset/hk-fhb-fhbcovid19-vaccination-rates-over-time-by-age,7288095,4031765,3256177
Hong Kong,2021-08-27,"Pfizer/BioNTech, Sinovac",https://data.gov.hk/en-data/dataset/hk-fhb-fhbcovid19-vaccination-rates-over-time-by-age,7351187,4055532,3295502
Hong Kong,2021-08-28,"Pfizer/BioNTech, Sinovac",https://data.gov.hk/en-data/dataset/hk-fhb-fhbcovid19-vaccination-rates-over-time-by-age,7412062,4077599,3334309
Hong Kong,2021-08-29,"Pfizer/BioNTech, Sinovac",https://data.gov.hk/en-data/dataset/hk-fhb-fhbcovid19-vaccination-rates-over-time-by-age,7463276,4096388,3366700
Hong Kong,2021-08-30,"Pfizer/BioNTech, Sinovac",https://data.gov.hk/en-data/dataset/hk-fhb-fhbcovid19-vaccination-rates-over-time-by-age,7527134,4119679,3407269
Hong Kong,2021-08-31,"Pfizer/BioNTech, Sinovac",https://data.gov.hk/en-data/dataset/hk-fhb-fhbcovid19-vaccination-rates-over-time-by-age,7588510,4139941,3448383
Hong Kong,2021-09-01,"Pfizer/BioNTech, Sinovac",https://data.gov.hk/en-data/dataset/hk-fhb-fhbcovid19-vaccination-rates-over-time-by-age,7637840,4161994,3475660
Hong Kong,2021-09-02,"Pfizer/BioNTech, Sinovac",https://data.gov.hk/en-data/dataset/hk-fhb-fhbcovid19-vaccination-rates-over-time-by-age,7685657,4182763,3502708
Hong Kong,2021-09-03,"Pfizer/BioNTech, Sinovac",https://data.gov.hk/en-data/dataset/hk-fhb-fhbcovid19-vaccination-rates-over-time-by-age,7741880,4205220,3536474
Hong Kong,2021-09-04,"Pfizer/BioNTech, Sinovac",https://data.gov.hk/en-data/dataset/hk-fhb-fhbcovid19-vaccination-rates-over-time-by-age,7799147,4228153,3570802
Hong Kong,2021-09-05,"Pfizer/BioNTech, Sinovac",https://data.gov.hk/en-data/dataset/hk-fhb-fhbcovid19-vaccination-rates-over-time-by-age,7842525,4244759,3597545
Hong Kong,2021-09-06,"Pfizer/BioNTech, Sinovac",https://data.gov.hk/en-data/dataset/hk-fhb-fhbcovid19-vaccination-rates-over-time-by-age,7887759,4260169,3627372
Hong Kong,2021-09-07,"Pfizer/BioNTech, Sinovac",https://data.gov.hk/en-data/dataset/hk-fhb-fhbcovid19-vaccination-rates-over-time-by-age,7927823,4272737,3654868
Hong Kong,2021-09-08,"Pfizer/BioNTech, Sinovac",https://data.gov.hk/en-data/dataset/hk-fhb-fhbcovid19-vaccination-rates-over-time-by-age,7967775,4284809,3682748
Hong Kong,2021-09-09,"Pfizer/BioNTech, Sinovac",https://data.gov.hk/en-data/dataset/hk-fhb-fhbcovid19-vaccination-rates-over-time-by-age,8010606,4298219,3712169
Hong Kong,2021-09-10,"Pfizer/BioNTech, Sinovac",https://data.gov.hk/en-data/dataset/hk-fhb-fhbcovid19-vaccination-rates-over-time-by-age,8062215,4313529,3748468
Hong Kong,2021-09-11,"Pfizer/BioNTech, Sinovac",https://data.gov.hk/en-data/dataset/hk-fhb-fhbcovid19-vaccination-rates-over-time-by-age,8115750,4329944,3785588
Hong Kong,2021-09-12,"Pfizer/BioNTech, Sinovac",https://data.gov.hk/en-data/dataset/hk-fhb-fhbcovid19-vaccination-rates-over-time-by-age,8152010,4340225,3811567
Hong Kong,2021-09-13,"Pfizer/BioNTech, Sinovac",https://data.gov.hk/en-data/dataset/hk-fhb-fhbcovid19-vaccination-rates-over-time-by-age,8188296,4350746,3837332
Hong Kong,2021-09-14,"Pfizer/BioNTech, Sinovac",https://data.gov.hk/en-data/dataset/hk-fhb-fhbcovid19-vaccination-rates-over-time-by-age,8218248,4359009,3859018
Hong Kong,2021-09-15,"Pfizer/BioNTech, Sinovac",https://data.gov.hk/en-data/dataset/hk-fhb-fhbcovid19-vaccination-rates-over-time-by-age,8247784,4367271,3880295
Hong Kong,2021-09-16,"Pfizer/BioNTech, Sinovac",https://data.gov.hk/en-data/dataset/hk-fhb-fhbcovid19-vaccination-rates-over-time-by-age,8278668,4376032,3902378
Hong Kong,2021-09-17,"Pfizer/BioNTech, Sinovac",https://data.gov.hk/en-data/dataset/hk-fhb-fhbcovid19-vaccination-rates-over-time-by-age,8316318,4387215,3928831
Hong Kong,2021-09-18,"Pfizer/BioNTech, Sinovac",https://data.gov.hk/en-data/dataset/hk-fhb-fhbcovid19-vaccination-rates-over-time-by-age,8356831,4398734,3957823
Hong Kong,2021-09-19,"Pfizer/BioNTech, Sinovac",https://data.gov.hk/en-data/dataset/hk-fhb-fhbcovid19-vaccination-rates-over-time-by-age,8380444,4405058,3975086
Hong Kong,2021-09-20,"Pfizer/BioNTech, Sinovac",https://data.gov.hk/en-data/dataset/hk-fhb-fhbcovid19-vaccination-rates-over-time-by-age,8405340,4412478,3992566
Hong Kong,2021-09-21,"Pfizer/BioNTech, Sinovac",https://data.gov.hk/en-data/dataset/hk-fhb-fhbcovid19-vaccination-rates-over-time-by-age,8423960,4418031,4005622
Hong Kong,2021-09-22,"Pfizer/BioNTech, Sinovac",https://data.gov.hk/en-data/dataset/hk-fhb-fhbcovid19-vaccination-rates-over-time-by-age,8440521,4422189,4018025
Hong Kong,2021-09-23,"Pfizer/BioNTech, Sinovac",https://data.gov.hk/en-data/dataset/hk-fhb-fhbcovid19-vaccination-rates-over-time-by-age,8474332,4430271,4043753
Hong Kong,2021-09-24,"Pfizer/BioNTech, Sinovac",https://data.gov.hk/en-data/dataset/hk-fhb-fhbcovid19-vaccination-rates-over-time-by-age,8511644,4441260,4070076
Hong Kong,2021-09-25,"Pfizer/BioNTech, Sinovac",https://data.gov.hk/en-data/dataset/hk-fhb-fhbcovid19-vaccination-rates-over-time-by-age,8550745,4451359,4099078
Hong Kong,2021-09-26,"Pfizer/BioNTech, Sinovac",https://data.gov.hk/en-data/dataset/hk-fhb-fhbcovid19-vaccination-rates-over-time-by-age,8574392,4457283,4116801
Hong Kong,2021-09-27,"Pfizer/BioNTech, Sinovac",https://data.gov.hk/en-data/dataset/hk-fhb-fhbcovid19-vaccination-rates-over-time-by-age,8601139,4465707,4135115
Hong Kong,2021-09-28,"Pfizer/BioNTech, Sinovac",https://data.gov.hk/en-data/dataset/hk-fhb-fhbcovid19-vaccination-rates-over-time-by-age,8623082,4472780,4149983
Hong Kong,2021-09-29,"Pfizer/BioNTech, Sinovac",https://data.gov.hk/en-data/dataset/hk-fhb-fhbcovid19-vaccination-rates-over-time-by-age,8646715,4480566,4165830
Hong Kong,2021-09-30,"Pfizer/BioNTech, Sinovac",https://data.gov.hk/en-data/dataset/hk-fhb-fhbcovid19-vaccination-rates-over-time-by-age,8677008,4492456,4184231
Hong Kong,2021-10-01,"Pfizer/BioNTech, Sinovac",https://data.gov.hk/en-data/dataset/hk-fhb-fhbcovid19-vaccination-rates-over-time-by-age,8692602,4497918,4194363
Hong Kong,2021-10-02,"Pfizer/BioNTech, Sinovac",https://data.gov.hk/en-data/dataset/hk-fhb-fhbcovid19-vaccination-rates-over-time-by-age,8715265,4503524,4211420
Hong Kong,2021-10-03,"Pfizer/BioNTech, Sinovac",https://data.gov.hk/en-data/dataset/hk-fhb-fhbcovid19-vaccination-rates-over-time-by-age,8728019,4506930,4220768
Hong Kong,2021-10-04,"Pfizer/BioNTech, Sinovac",https://data.gov.hk/en-data/dataset/hk-fhb-fhbcovid19-vaccination-rates-over-time-by-age,8745731,4512351,4233058
Hong Kong,2021-10-05,"Pfizer/BioNTech, Sinovac",https://data.gov.hk/en-data/dataset/hk-fhb-fhbcovid19-vaccination-rates-over-time-by-age,8759757,4517507,4241928
Hong Kong,2021-10-06,"Pfizer/BioNTech, Sinovac",https://data.gov.hk/en-data/dataset/hk-fhb-fhbcovid19-vaccination-rates-over-time-by-age,8772327,4521845,4250159
Hong Kong,2021-10-07,"Pfizer/BioNTech, Sinovac",https://data.gov.hk/en-data/dataset/hk-fhb-fhbcovid19-vaccination-rates-over-time-by-age,8786278,4526546,4259409
Hong Kong,2021-10-08,"Pfizer/BioNTech, Sinovac",https://data.gov.hk/en-data/dataset/hk-fhb-fhbcovid19-vaccination-rates-over-time-by-age,8801647,4530975,4270349
Hong Kong,2021-10-09,"Pfizer/BioNTech, Sinovac",https://data.gov.hk/en-data/dataset/hk-fhb-fhbcovid19-vaccination-rates-over-time-by-age,8801716,4531001,4270392
Hong Kong,2021-10-10,"Pfizer/BioNTech, Sinovac",https://data.gov.hk/en-data/dataset/hk-fhb-fhbcovid19-vaccination-rates-over-time-by-age,8820365,4535300,4284687
Hong Kong,2021-10-11,"Pfizer/BioNTech, Sinovac",https://data.gov.hk/en-data/dataset/hk-fhb-fhbcovid19-vaccination-rates-over-time-by-age,8835716,4540736,4294609
Hong Kong,2021-10-12,"Pfizer/BioNTech, Sinovac",https://data.gov.hk/en-data/dataset/hk-fhb-fhbcovid19-vaccination-rates-over-time-by-age,8844227,4543563,4300293
Hong Kong,2021-10-14,"Pfizer/BioNTech, Sinovac",https://data.gov.hk/en-data/dataset/hk-fhb-fhbcovid19-vaccination-rates-over-time-by-age,8855811,4546939,4308501
Hong Kong,2021-10-15,"Pfizer/BioNTech, Sinovac",https://data.gov.hk/en-data/dataset/hk-fhb-fhbcovid19-vaccination-rates-over-time-by-age,8875305,4552484,4322449
Hong Kong,2021-10-16,"Pfizer/BioNTech, Sinovac",https://data.gov.hk/en-data/dataset/hk-fhb-fhbcovid19-vaccination-rates-over-time-by-age,8893817,4558641,4334804
Hong Kong,2021-10-17,"Pfizer/BioNTech, Sinovac",https://data.gov.hk/en-data/dataset/hk-fhb-fhbcovid19-vaccination-rates-over-time-by-age,8901999,4561229,4340397
Hong Kong,2021-10-18,"Pfizer/BioNTech, Sinovac",https://data.gov.hk/en-data/dataset/hk-fhb-fhbcovid19-vaccination-rates-over-time-by-age,8914284,4565869,4348033
Hong Kong,2021-10-19,"Pfizer/BioNTech, Sinovac",https://data.gov.hk/en-data/dataset/hk-fhb-fhbcovid19-vaccination-rates-over-time-by-age,8923652,4569900,4353356
Hong Kong,2021-10-20,"Pfizer/BioNTech, Sinovac",https://data.gov.hk/en-data/dataset/hk-fhb-fhbcovid19-vaccination-rates-over-time-by-age,8931808,4573371,4358029
Hong Kong,2021-10-21,"Pfizer/BioNTech, Sinovac",https://data.gov.hk/en-data/dataset/hk-fhb-fhbcovid19-vaccination-rates-over-time-by-age,8943308,4577461,4365425
Hong Kong,2021-10-22,"Pfizer/BioNTech, Sinovac",https://data.gov.hk/en-data/dataset/hk-fhb-fhbcovid19-vaccination-rates-over-time-by-age,8958325,4583081,4374818
Hong Kong,2021-10-23,"Pfizer/BioNTech, Sinovac",https://data.gov.hk/en-data/dataset/hk-fhb-fhbcovid19-vaccination-rates-over-time-by-age,8972425,4587604,4384386
Hong Kong,2021-10-24,"Pfizer/BioNTech, Sinovac",https://data.gov.hk/en-data/dataset/hk-fhb-fhbcovid19-vaccination-rates-over-time-by-age,8979469,4590105,4388900
Hong Kong,2021-10-25,"Pfizer/BioNTech, Sinovac",https://data.gov.hk/en-data/dataset/hk-fhb-fhbcovid19-vaccination-rates-over-time-by-age,8990358,4593921,4395874
Hong Kong,2021-10-26,"Pfizer/BioNTech, Sinovac",https://data.gov.hk/en-data/dataset/hk-fhb-fhbcovid19-vaccination-rates-over-time-by-age,8999997,4597357,4402047
Hong Kong,2021-10-27,"Pfizer/BioNTech, Sinovac",https://data.gov.hk/en-data/dataset/hk-fhb-fhbcovid19-vaccination-rates-over-time-by-age,9008584,4600957,4407015
Hong Kong,2021-10-28,"Pfizer/BioNTech, Sinovac",https://data.gov.hk/en-data/dataset/hk-fhb-fhbcovid19-vaccination-rates-over-time-by-age,9018484,4604857,4412909
Hong Kong,2021-10-29,"Pfizer/BioNTech, Sinovac",https://data.gov.hk/en-data/dataset/hk-fhb-fhbcovid19-vaccination-rates-over-time-by-age,9028408,4609908,4417774
Hong Kong,2021-10-30,"Pfizer/BioNTech, Sinovac",https://data.gov.hk/en-data/dataset/hk-fhb-fhbcovid19-vaccination-rates-over-time-by-age,9037476,4614828,4421905
Hong Kong,2021-10-31,"Pfizer/BioNTech, Sinovac",https://data.gov.hk/en-data/dataset/hk-fhb-fhbcovid19-vaccination-rates-over-time-by-age,9043778,4617575,4425458
Hong Kong,2021-11-01,"Pfizer/BioNTech, Sinovac",https://data.gov.hk/en-data/dataset/hk-fhb-fhbcovid19-vaccination-rates-over-time-by-age,9052196,4621463,4429964
Hong Kong,2021-11-02,"Pfizer/BioNTech, Sinovac",https://data.gov.hk/en-data/dataset/hk-fhb-fhbcovid19-vaccination-rates-over-time-by-age,9059741,4625411,4433544
Hong Kong,2021-11-03,"Pfizer/BioNTech, Sinovac",https://data.gov.hk/en-data/dataset/hk-fhb-fhbcovid19-vaccination-rates-over-time-by-age,9062540,4626809,4434945
Hong Kong,2021-11-04,"Pfizer/BioNTech, Sinovac",https://data.gov.hk/en-data/dataset/hk-fhb-fhbcovid19-vaccination-rates-over-time-by-age,9071085,4631310,4438966
Hong Kong,2021-11-05,"Pfizer/BioNTech, Sinovac",https://data.gov.hk/en-data/dataset/hk-fhb-fhbcovid19-vaccination-rates-over-time-by-age,9080768,4636424,4443525
Hong Kong,2021-11-06,"Pfizer/BioNTech, Sinovac",https://data.gov.hk/en-data/dataset/hk-fhb-fhbcovid19-vaccination-rates-over-time-by-age,9091365,4642102,4448441
Hong Kong,2021-11-07,"Pfizer/BioNTech, Sinovac",https://data.gov.hk/en-data/dataset/hk-fhb-fhbcovid19-vaccination-rates-over-time-by-age,9097685,4645347,4451516
Hong Kong,2021-11-08,"Pfizer/BioNTech, Sinovac",https://data.gov.hk/en-data/dataset/hk-fhb-fhbcovid19-vaccination-rates-over-time-by-age,9106195,4649454,4455900
Hong Kong,2021-11-09,"Pfizer/BioNTech, Sinovac",https://data.gov.hk/en-data/dataset/hk-fhb-fhbcovid19-vaccination-rates-over-time-by-age,9113366,4653302,4459205
Hong Kong,2021-11-10,"Pfizer/BioNTech, Sinovac",https://data.gov.hk/en-data/dataset/hk-fhb-fhbcovid19-vaccination-rates-over-time-by-age,9115290,4654600,4459831
Hong Kong,2021-11-11,"Pfizer/BioNTech, Sinovac",https://data.gov.hk/en-data/dataset/hk-fhb-fhbcovid19-vaccination-rates-over-time-by-age,9139636,4658748,4463158
Hong Kong,2021-11-12,"Pfizer/BioNTech, Sinovac",https://data.gov.hk/en-data/dataset/hk-fhb-fhbcovid19-vaccination-rates-over-time-by-age,9159510,4664240,4467442
Hong Kong,2021-11-13,"Pfizer/BioNTech, Sinovac",https://data.gov.hk/en-data/dataset/hk-fhb-fhbcovid19-vaccination-rates-over-time-by-age,9180468,4669966,4472938
Hong Kong,2021-11-14,"Pfizer/BioNTech, Sinovac",https://data.gov.hk/en-data/dataset/hk-fhb-fhbcovid19-vaccination-rates-over-time-by-age,9192180,4673250,4475560
Hong Kong,2021-11-15,"Pfizer/BioNTech, Sinovac",https://data.gov.hk/en-data/dataset/hk-fhb-fhbcovid19-vaccination-rates-over-time-by-age,9207263,4677499,4479265
Hong Kong,2021-11-16,"Pfizer/BioNTech, Sinovac",https://data.gov.hk/en-data/dataset/hk-fhb-fhbcovid19-vaccination-rates-over-time-by-age,9221204,4681776,4482721
Hong Kong,2021-11-17,"Pfizer/BioNTech, Sinovac",https://data.gov.hk/en-data/dataset/hk-fhb-fhbcovid19-vaccination-rates-over-time-by-age,9225345,4683182,4484055
Hong Kong,2021-11-18,"Pfizer/BioNTech, Sinovac",https://data.gov.hk/en-data/dataset/hk-fhb-fhbcovid19-vaccination-rates-over-time-by-age,9242031,4688609,4488752
Hong Kong,2021-11-19,"Pfizer/BioNTech, Sinovac",https://data.gov.hk/en-data/dataset/hk-fhb-fhbcovid19-vaccination-rates-over-time-by-age,9258682,4694458,4493450
Hong Kong,2021-11-20,"Pfizer/BioNTech, Sinovac",https://data.gov.hk/en-data/dataset/hk-fhb-fhbcovid19-vaccination-rates-over-time-by-age,9276422,4701085,4498369
Hong Kong,2021-11-21,"Pfizer/BioNTech, Sinovac",https://data.gov.hk/en-data/dataset/hk-fhb-fhbcovid19-vaccination-rates-over-time-by-age,9287165,4704810,4501177
Hong Kong,2021-11-22,"Pfizer/BioNTech, Sinovac",https://data.gov.hk/en-data/dataset/hk-fhb-fhbcovid19-vaccination-rates-over-time-by-age,9301515,4709234,4504842
Hong Kong,2021-11-23,"Pfizer/BioNTech, Sinovac",https://data.gov.hk/en-data/dataset/hk-fhb-fhbcovid19-vaccination-rates-over-time-by-age,9318608,4713334,4508377
Hong Kong,2021-11-24,"Pfizer/BioNTech, Sinovac",https://data.gov.hk/en-data/dataset/hk-fhb-fhbcovid19-vaccination-rates-over-time-by-age,9324122,4714903,4509682
Hong Kong,2021-11-25,"Pfizer/BioNTech, Sinovac",https://data.gov.hk/en-data/dataset/hk-fhb-fhbcovid19-vaccination-rates-over-time-by-age,9346011,4720637,4513909
Hong Kong,2021-11-26,"Pfizer/BioNTech, Sinovac",https://data.gov.hk/en-data/dataset/hk-fhb-fhbcovid19-vaccination-rates-over-time-by-age,9368246,4727379,4518290
Hong Kong,2021-11-27,"Pfizer/BioNTech, Sinovac",https://data.gov.hk/en-data/dataset/hk-fhb-fhbcovid19-vaccination-rates-over-time-by-age,9394920,4735727,4523637
Hong Kong,2021-11-28,"Pfizer/BioNTech, Sinovac",https://data.gov.hk/en-data/dataset/hk-fhb-fhbcovid19-vaccination-rates-over-time-by-age,9414597,4741400,4526835
Hong Kong,2021-11-29,"Pfizer/BioNTech, Sinovac",https://data.gov.hk/en-data/dataset/hk-fhb-fhbcovid19-vaccination-rates-over-time-by-age,9436373,4748550,4530763
Hong Kong,2021-11-30,"Pfizer/BioNTech, Sinovac",https://data.gov.hk/en-data/dataset/hk-fhb-fhbcovid19-vaccination-rates-over-time-by-age,9457649,4756043,4534502
Hong Kong,2021-12-01,"Pfizer/BioNTech, Sinovac",https://data.gov.hk/en-data/dataset/hk-fhb-fhbcovid19-vaccination-rates-over-time-by-age,9463584,4758112,4535840
Hong Kong,2021-12-02,"Pfizer/BioNTech, Sinovac",https://data.gov.hk/en-data/dataset/hk-fhb-fhbcovid19-vaccination-rates-over-time-by-age,9482868,4763230,4539673
Hong Kong,2021-12-03,"Pfizer/BioNTech, Sinovac",https://data.gov.hk/en-data/dataset/hk-fhb-fhbcovid19-vaccination-rates-over-time-by-age,9503382,4769815,4544236
Hong Kong,2021-12-04,"Pfizer/BioNTech, Sinovac",https://data.gov.hk/en-data/dataset/hk-fhb-fhbcovid19-vaccination-rates-over-time-by-age,9525262,4776246,4549383
Hong Kong,2021-12-05,"Pfizer/BioNTech, Sinovac",https://data.gov.hk/en-data/dataset/hk-fhb-fhbcovid19-vaccination-rates-over-time-by-age,9540511,4780185,4552584
Hong Kong,2021-12-06,"Pfizer/BioNTech, Sinovac",https://data.gov.hk/en-data/dataset/hk-fhb-fhbcovid19-vaccination-rates-over-time-by-age,9557454,4785000,4556435
Hong Kong,2021-12-07,"Pfizer/BioNTech, Sinovac",https://data.gov.hk/en-data/dataset/hk-fhb-fhbcovid19-vaccination-rates-over-time-by-age,9573652,4789639,4559880
Hong Kong,2021-12-08,"Pfizer/BioNTech, Sinovac",https://data.gov.hk/en-data/dataset/hk-fhb-fhbcovid19-vaccination-rates-over-time-by-age,9579382,4791743,4561188
Hong Kong,2021-12-09,"Pfizer/BioNTech, Sinovac",https://data.gov.hk/en-data/dataset/hk-fhb-fhbcovid19-vaccination-rates-over-time-by-age,9597147,4796422,4565416
Hong Kong,2021-12-10,"Pfizer/BioNTech, Sinovac",https://data.gov.hk/en-data/dataset/hk-fhb-fhbcovid19-vaccination-rates-over-time-by-age,9615042,4801608,4570289
Hong Kong,2021-12-11,"Pfizer/BioNTech, Sinovac",https://data.gov.hk/en-data/dataset/hk-fhb-fhbcovid19-vaccination-rates-over-time-by-age,9634514,4806798,4576024
Hong Kong,2021-12-12,"Pfizer/BioNTech, Sinovac",https://data.gov.hk/en-data/dataset/hk-fhb-fhbcovid19-vaccination-rates-over-time-by-age,9647874,4809811,4579450
Hong Kong,2021-12-13,"Pfizer/BioNTech, Sinovac",https://data.gov.hk/en-data/dataset/hk-fhb-fhbcovid19-vaccination-rates-over-time-by-age,9663650,4813661,4583376
Hong Kong,2021-12-14,"Pfizer/BioNTech, Sinovac",https://data.gov.hk/en-data/dataset/hk-fhb-fhbcovid19-vaccination-rates-over-time-by-age,9678186,4817242,4586942
Hong Kong,2021-12-15,"Pfizer/BioNTech, Sinovac",https://data.gov.hk/en-data/dataset/hk-fhb-fhbcovid19-vaccination-rates-over-time-by-age,9683658,4819004,4588302
Hong Kong,2021-12-16,"Pfizer/BioNTech, Sinovac",https://data.gov.hk/en-data/dataset/hk-fhb-fhbcovid19-vaccination-rates-over-time-by-age,9701888,4823283,4592962
Hong Kong,2021-12-17,"Pfizer/BioNTech, Sinovac",https://data.gov.hk/en-data/dataset/hk-fhb-fhbcovid19-vaccination-rates-over-time-by-age,9719229,4827597,4598136
Hong Kong,2021-12-18,"Pfizer/BioNTech, Sinovac",https://data.gov.hk/en-data/dataset/hk-fhb-fhbcovid19-vaccination-rates-over-time-by-age,9737943,4831783,4604583
Hong Kong,2021-12-19,"Pfizer/BioNTech, Sinovac",https://data.gov.hk/en-data/dataset/hk-fhb-fhbcovid19-vaccination-rates-over-time-by-age,9751714,4834329,4609173
Hong Kong,2021-12-20,"Pfizer/BioNTech, Sinovac",https://data.gov.hk/en-data/dataset/hk-fhb-fhbcovid19-vaccination-rates-over-time-by-age,9766679,4837488,4613998
Hong Kong,2021-12-21,"Pfizer/BioNTech, Sinovac",https://data.gov.hk/en-data/dataset/hk-fhb-fhbcovid19-vaccination-rates-over-time-by-age,9779176,4840387,4618034
Hong Kong,2021-12-22,"Pfizer/BioNTech, Sinovac",https://data.gov.hk/en-data/dataset/hk-fhb-fhbcovid19-vaccination-rates-over-time-by-age,9784925,4842220,4619768
Hong Kong,2021-12-23,"Pfizer/BioNTech, Sinovac",https://data.gov.hk/en-data/dataset/hk-fhb-fhbcovid19-vaccination-rates-over-time-by-age,9803559,4847189,4624853
Hong Kong,2021-12-24,"Pfizer/BioNTech, Sinovac",https://data.gov.hk/en-data/dataset/hk-fhb-fhbcovid19-vaccination-rates-over-time-by-age,9818923,4851221,4629158
Hong Kong,2021-12-25,"Pfizer/BioNTech, Sinovac",https://data.gov.hk/en-data/dataset/hk-fhb-fhbcovid19-vaccination-rates-over-time-by-age,9832037,4854104,4632838
Hong Kong,2021-12-26,"Pfizer/BioNTech, Sinovac",https://data.gov.hk/en-data/dataset/hk-fhb-fhbcovid19-vaccination-rates-over-time-by-age,9843912,4856465,4636613
Hong Kong,2021-12-27,"Pfizer/BioNTech, Sinovac",https://data.gov.hk/en-data/dataset/hk-fhb-fhbcovid19-vaccination-rates-over-time-by-age,9855559,4858539,4640806
Hong Kong,2021-12-28,"Pfizer/BioNTech, Sinovac",https://data.gov.hk/en-data/dataset/hk-fhb-fhbcovid19-vaccination-rates-over-time-by-age,9878608,4863080,4648954
Hong Kong,2021-12-29,"Pfizer/BioNTech, Sinovac",https://data.gov.hk/en-data/dataset/hk-fhb-fhbcovid19-vaccination-rates-over-time-by-age,9886840,4865450,4651784
Hong Kong,2021-12-30,"Pfizer/BioNTech, Sinovac",https://data.gov.hk/en-data/dataset/hk-fhb-fhbcovid19-vaccination-rates-over-time-by-age,9907293,4871072,4657015
Hong Kong,2021-12-31,"Pfizer/BioNTech, Sinovac",https://data.gov.hk/en-data/dataset/hk-fhb-fhbcovid19-vaccination-rates-over-time-by-age,9925496,4876301,4662005
Hong Kong,2022-01-01,"Pfizer/BioNTech, Sinovac",https://data.gov.hk/en-data/dataset/hk-fhb-fhbcovid19-vaccination-rates-over-time-by-age,9943834,4883439,4665191
Hong Kong,2022-01-02,"Pfizer/BioNTech, Sinovac",https://data.gov.hk/en-data/dataset/hk-fhb-fhbcovid19-vaccination-rates-over-time-by-age,9965740,4891007,4668834
Hong Kong,2022-01-03,"Pfizer/BioNTech, Sinovac",https://data.gov.hk/en-data/dataset/hk-fhb-fhbcovid19-vaccination-rates-over-time-by-age,10004581,4908934,4674147
Hong Kong,2022-01-04,"Pfizer/BioNTech, Sinovac",https://data.gov.hk/en-data/dataset/hk-fhb-fhbcovid19-vaccination-rates-over-time-by-age,10043683,4927121,4678470
Hong Kong,2022-01-05,"Pfizer/BioNTech, Sinovac",https://data.gov.hk/en-data/dataset/hk-fhb-fhbcovid19-vaccination-rates-over-time-by-age,10082321,4945379,4681092
Hong Kong,2022-01-06,"Pfizer/BioNTech, Sinovac",https://data.gov.hk/en-data/dataset/hk-fhb-fhbcovid19-vaccination-rates-over-time-by-age,10123856,4963610,4685735
Hong Kong,2022-01-07,"Pfizer/BioNTech, Sinovac",https://data.gov.hk/en-data/dataset/hk-fhb-fhbcovid19-vaccination-rates-over-time-by-age,10168986,4984464,4690958
Hong Kong,2022-01-08,"Pfizer/BioNTech, Sinovac",https://data.gov.hk/en-data/dataset/hk-fhb-fhbcovid19-vaccination-rates-over-time-by-age,10205828,5000964,4696373
Hong Kong,2022-01-09,"Pfizer/BioNTech, Sinovac",https://data.gov.hk/en-data/dataset/hk-fhb-fhbcovid19-vaccination-rates-over-time-by-age,10233917,5011928,4699301
Hong Kong,2022-01-10,"Pfizer/BioNTech, Sinovac",https://data.gov.hk/en-data/dataset/hk-fhb-fhbcovid19-vaccination-rates-over-time-by-age,10278866,5031671,4703064
Hong Kong,2022-01-11,"Pfizer/BioNTech, Sinovac",https://data.gov.hk/en-data/dataset/hk-fhb-fhbcovid19-vaccination-rates-over-time-by-age,10322332,5050799,4706562
Hong Kong,2022-01-12,"Pfizer/BioNTech, Sinovac",https://data.gov.hk/en-data/dataset/hk-fhb-fhbcovid19-vaccination-rates-over-time-by-age,10362880,5068900,4708799
Hong Kong,2022-01-13,"Pfizer/BioNTech, Sinovac",https://data.gov.hk/en-data/dataset/hk-fhb-fhbcovid19-vaccination-rates-over-time-by-age,10406184,5086773,4712930
Hong Kong,2022-01-14,"Pfizer/BioNTech, Sinovac",https://data.gov.hk/en-data/dataset/hk-fhb-fhbcovid19-vaccination-rates-over-time-by-age,10451078,5106893,4717355
Hong Kong,2022-01-15,"Pfizer/BioNTech, Sinovac",https://data.gov.hk/en-data/dataset/hk-fhb-fhbcovid19-vaccination-rates-over-time-by-age,10486618,5122935,4721559
Hong Kong,2022-01-16,"Pfizer/BioNTech, Sinovac",https://data.gov.hk/en-data/dataset/hk-fhb-fhbcovid19-vaccination-rates-over-time-by-age,10513841,5133018,4724236
Hong Kong,2022-01-17,"Pfizer/BioNTech, Sinovac",https://data.gov.hk/en-data/dataset/hk-fhb-fhbcovid19-vaccination-rates-over-time-by-age,10554369,5150135,4727061
Hong Kong,2022-01-18,"Pfizer/BioNTech, Sinovac",https://data.gov.hk/en-data/dataset/hk-fhb-fhbcovid19-vaccination-rates-over-time-by-age,10593123,5165863,4730226
Hong Kong,2022-01-19,"Pfizer/BioNTech, Sinovac",https://data.gov.hk/en-data/dataset/hk-fhb-fhbcovid19-vaccination-rates-over-time-by-age,10630490,5181411,4732265
Hong Kong,2022-01-20,"Pfizer/BioNTech, Sinovac",https://data.gov.hk/en-data/dataset/hk-fhb-fhbcovid19-vaccination-rates-over-time-by-age,10670766,5197031,4736355
Hong Kong,2022-01-21,"Pfizer/BioNTech, Sinovac",https://data.gov.hk/en-data/dataset/hk-fhb-fhbcovid19-vaccination-rates-over-time-by-age,10718824,5218285,4740909
Hong Kong,2022-01-22,"Pfizer/BioNTech, Sinovac",https://data.gov.hk/en-data/dataset/hk-fhb-fhbcovid19-vaccination-rates-over-time-by-age,10758076,5234997,4746424
Hong Kong,2022-01-23,"Pfizer/BioNTech, Sinovac",https://data.gov.hk/en-data/dataset/hk-fhb-fhbcovid19-vaccination-rates-over-time-by-age,10790055,5245810,4751217
Hong Kong,2022-01-24,"Pfizer/BioNTech, Sinovac",https://data.gov.hk/en-data/dataset/hk-fhb-fhbcovid19-vaccination-rates-over-time-by-age,10837824,5264925,4757185
Hong Kong,2022-01-25,"Pfizer/BioNTech, Sinovac",https://data.gov.hk/en-data/dataset/hk-fhb-fhbcovid19-vaccination-rates-over-time-by-age,10884558,5283323,4764293
Hong Kong,2022-01-26,"Pfizer/BioNTech, Sinovac",https://data.gov.hk/en-data/dataset/hk-fhb-fhbcovid19-vaccination-rates-over-time-by-age,10932035,5300187,4771482
Hong Kong,2022-01-27,"Pfizer/BioNTech, Sinovac",https://data.gov.hk/en-data/dataset/hk-fhb-fhbcovid19-vaccination-rates-over-time-by-age,10981470,5315295,4779544
Hong Kong,2022-01-28,"Pfizer/BioNTech, Sinovac",https://data.gov.hk/en-data/dataset/hk-fhb-fhbcovid19-vaccination-rates-over-time-by-age,11034440,5332902,4789890
Hong Kong,2022-01-29,"Pfizer/BioNTech, Sinovac",https://data.gov.hk/en-data/dataset/hk-fhb-fhbcovid19-vaccination-rates-over-time-by-age,11078855,5347074,4799477
Hong Kong,2022-01-30,"Pfizer/BioNTech, Sinovac",https://data.gov.hk/en-data/dataset/hk-fhb-fhbcovid19-vaccination-rates-over-time-by-age,11115194,5356650,4807042
Hong Kong,2022-01-31,"Pfizer/BioNTech, Sinovac",https://data.gov.hk/en-data/dataset/hk-fhb-fhbcovid19-vaccination-rates-over-time-by-age,11125625,5360614,4810687
Hong Kong,2022-02-02,"Pfizer/BioNTech, Sinovac",https://data.gov.hk/en-data/dataset/hk-fhb-fhbcovid19-vaccination-rates-over-time-by-age,11126027,5360747,4810885
Hong Kong,2022-02-03,"Pfizer/BioNTech, Sinovac",https://data.gov.hk/en-data/dataset/hk-fhb-fhbcovid19-vaccination-rates-over-time-by-age,11151817,5369332,4812488
Hong Kong,2022-02-04,"Pfizer/BioNTech, Sinovac",https://data.gov.hk/en-data/dataset/hk-fhb-fhbcovid19-vaccination-rates-over-time-by-age,11208510,5384622,4832577
Hong Kong,2022-02-05,"Pfizer/BioNTech, Sinovac",https://data.gov.hk/en-data/dataset/hk-fhb-fhbcovid19-vaccination-rates-over-time-by-age,11257553,5398212,4847779
Hong Kong,2022-02-06,"Pfizer/BioNTech, Sinovac",https://data.gov.hk/en-data/dataset/hk-fhb-fhbcovid19-vaccination-rates-over-time-by-age,11298150,5408236,4858598
Hong Kong,2022-02-07,"Pfizer/BioNTech, Sinovac",https://data.gov.hk/en-data/dataset/hk-fhb-fhbcovid19-vaccination-rates-over-time-by-age,11371524,5431127,4879741
Hong Kong,2022-02-08,"Pfizer/BioNTech, Sinovac",https://data.gov.hk/en-data/dataset/hk-fhb-fhbcovid19-vaccination-rates-over-time-by-age,11450197,5457758,4901261
Hong Kong,2022-02-09,"Pfizer/BioNTech, Sinovac",https://data.gov.hk/en-data/dataset/hk-fhb-fhbcovid19-vaccination-rates-over-time-by-age,11535002,5495099,4919471
Hong Kong,2022-02-10,"Pfizer/BioNTech, Sinovac",https://data.gov.hk/en-data/dataset/hk-fhb-fhbcovid19-vaccination-rates-over-time-by-age,11622851,5533215,4938728
Hong Kong,2022-02-11,"Pfizer/BioNTech, Sinovac",https://data.gov.hk/en-data/dataset/hk-fhb-fhbcovid19-vaccination-rates-over-time-by-age,11716575,5573141,4961528
Hong Kong,2022-02-12,"Pfizer/BioNTech, Sinovac",https://data.gov.hk/en-data/dataset/hk-fhb-fhbcovid19-vaccination-rates-over-time-by-age,11790030,5601365,4980156
Hong Kong,2022-02-13,"Pfizer/BioNTech, Sinovac",https://data.gov.hk/en-data/dataset/hk-fhb-fhbcovid19-vaccination-rates-over-time-by-age,11840954,5617827,4990585
Hong Kong,2022-02-14,"Pfizer/BioNTech, Sinovac",https://data.gov.hk/en-data/dataset/hk-fhb-fhbcovid19-vaccination-rates-over-time-by-age,11930586,5657158,5007229
Hong Kong,2022-02-15,"Pfizer/BioNTech, Sinovac",https://data.gov.hk/en-data/dataset/hk-fhb-fhbcovid19-vaccination-rates-over-time-by-age,12021840,5697342,5025035
Hong Kong,2022-02-16,"Pfizer/BioNTech, Sinovac",https://data.gov.hk/en-data/dataset/hk-fhb-fhbcovid19-vaccination-rates-over-time-by-age,12116401,5740001,5042317
Hong Kong,2022-02-17,"Pfizer/BioNTech, Sinovac",https://data.gov.hk/en-data/dataset/hk-fhb-fhbcovid19-vaccination-rates-over-time-by-age,12210316,5782321,5058745
Hong Kong,2022-02-18,"Pfizer/BioNTech, Sinovac",https://data.gov.hk/en-data/dataset/hk-fhb-fhbcovid19-vaccination-rates-over-time-by-age,12312332,5827110,5079523
Hong Kong,2022-02-19,"Pfizer/BioNTech, Sinovac",https://data.gov.hk/en-data/dataset/hk-fhb-fhbcovid19-vaccination-rates-over-time-by-age,12391517,5859844,5098052
Hong Kong,2022-02-20,"Pfizer/BioNTech, Sinovac",https://data.gov.hk/en-data/dataset/hk-fhb-fhbcovid19-vaccination-rates-over-time-by-age,12445201,5879676,5108059
Hong Kong,2022-02-21,"Pfizer/BioNTech, Sinovac",https://data.gov.hk/en-data/dataset/hk-fhb-fhbcovid19-vaccination-rates-over-time-by-age,12528218,5917092,5120471
Hong Kong,2022-02-22,"Pfizer/BioNTech, Sinovac",https://data.gov.hk/en-data/dataset/hk-fhb-fhbcovid19-vaccination-rates-over-time-by-age,12611822,5958094,5131900
Hong Kong,2022-02-23,"Pfizer/BioNTech, Sinovac",https://data.gov.hk/en-data/dataset/hk-fhb-fhbcovid19-vaccination-rates-over-time-by-age,12701234,6003546,5142076
Hong Kong,2022-02-24,"Pfizer/BioNTech, Sinovac",https://data.gov.hk/en-data/dataset/hk-fhb-fhbcovid19-vaccination-rates-over-time-by-age,12792322,6046182,5153644
Hong Kong,2022-02-25,"Pfizer/BioNTech, Sinovac",https://data.gov.hk/en-data/dataset/hk-fhb-fhbcovid19-vaccination-rates-over-time-by-age,12886801,6083882,5169666
Hong Kong,2022-02-26,"Pfizer/BioNTech, Sinovac",https://data.gov.hk/en-data/dataset/hk-fhb-fhbcovid19-vaccination-rates-over-time-by-age,12968934,6113111,5186504
Hong Kong,2022-02-27,"Pfizer/BioNTech, Sinovac",https://data.gov.hk/en-data/dataset/hk-fhb-fhbcovid19-vaccination-rates-over-time-by-age,13028875,6132953,5196236
Hong Kong,2022-02-28,"Pfizer/BioNTech, Sinovac",https://data.gov.hk/en-data/dataset/hk-fhb-fhbcovid19-vaccination-rates-over-time-by-age,13114747,6164896,5207770
Hong Kong,2022-03-01,"Pfizer/BioNTech, Sinovac",https://data.gov.hk/en-data/dataset/hk-fhb-fhbcovid19-vaccination-rates-over-time-by-age,13193061,6193119,5216734
Hong Kong,2022-03-02,"Pfizer/BioNTech, Sinovac",https://data.gov.hk/en-data/dataset/hk-fhb-fhbcovid19-vaccination-rates-over-time-by-age,13267774,6218676,5225605
Hong Kong,2022-03-03,"Pfizer/BioNTech, Sinovac",https://data.gov.hk/en-data/dataset/hk-fhb-fhbcovid19-vaccination-rates-over-time-by-age,13345855,6242582,5235962
Hong Kong,2022-03-04,"Pfizer/BioNTech, Sinovac",https://data.gov.hk/en-data/dataset/hk-fhb-fhbcovid19-vaccination-rates-over-time-by-age,13429112,6266610,5250291
Hong Kong,2022-03-05,"Pfizer/BioNTech, Sinovac",https://data.gov.hk/en-data/dataset/hk-fhb-fhbcovid19-vaccination-rates-over-time-by-age,13509017,6288871,5265068
Hong Kong,2022-03-06,"Pfizer/BioNTech, Sinovac",https://data.gov.hk/en-data/dataset/hk-fhb-fhbcovid19-vaccination-rates-over-time-by-age,13571210,6305911,5274793
Hong Kong,2022-03-07,"Pfizer/BioNTech, Sinovac",https://data.gov.hk/en-data/dataset/hk-fhb-fhbcovid19-vaccination-rates-over-time-by-age,13654231,6327181,5290995
Hong Kong,2022-03-08,"Pfizer/BioNTech, Sinovac",https://data.gov.hk/en-data/dataset/hk-fhb-fhbcovid19-vaccination-rates-over-time-by-age,13732393,6346495,5308241
Hong Kong,2022-03-09,"Pfizer/BioNTech, Sinovac",https://data.gov.hk/en-data/dataset/hk-fhb-fhbcovid19-vaccination-rates-over-time-by-age,13806597,6362168,5328865
Hong Kong,2022-03-10,"Pfizer/BioNTech, Sinovac",https://data.gov.hk/en-data/dataset/hk-fhb-fhbcovid19-vaccination-rates-over-time-by-age,13883420,6376808,5351387
Hong Kong,2022-03-11,"Pfizer/BioNTech, Sinovac",https://data.gov.hk/en-data/dataset/hk-fhb-fhbcovid19-vaccination-rates-over-time-by-age,13964115,6389937,5377621
Hong Kong,2022-03-12,"Pfizer/BioNTech, Sinovac",https://data.gov.hk/en-data/dataset/hk-fhb-fhbcovid19-vaccination-rates-over-time-by-age,14032645,6401408,5398914
Hong Kong,2022-03-13,"Pfizer/BioNTech, Sinovac",https://data.gov.hk/en-data/dataset/hk-fhb-fhbcovid19-vaccination-rates-over-time-by-age,14084175,6409774,5411010
Hong Kong,2022-03-14,"Pfizer/BioNTech, Sinovac",https://data.gov.hk/en-data/dataset/hk-fhb-fhbcovid19-vaccination-rates-over-time-by-age,14154949,6420681,5435583
Hong Kong,2022-03-15,"Pfizer/BioNTech, Sinovac",https://data.gov.hk/en-data/dataset/hk-fhb-fhbcovid19-vaccination-rates-over-time-by-age,14223601,6430756,5461120
Hong Kong,2022-03-16,"Pfizer/BioNTech, Sinovac",https://data.gov.hk/en-data/dataset/hk-fhb-fhbcovid19-vaccination-rates-over-time-by-age,14289442,6439097,5486676
Hong Kong,2022-03-17,"Pfizer/BioNTech, Sinovac",https://data.gov.hk/en-data/dataset/hk-fhb-fhbcovid19-vaccination-rates-over-time-by-age,14355972,6446740,5512566
Hong Kong,2022-03-18,"Pfizer/BioNTech, Sinovac",https://data.gov.hk/en-data/dataset/hk-fhb-fhbcovid19-vaccination-rates-over-time-by-age,14428500,6454296,5543927
Hong Kong,2022-03-19,"Pfizer/BioNTech, Sinovac",https://data.gov.hk/en-data/dataset/hk-fhb-fhbcovid19-vaccination-rates-over-time-by-age,14489111,6460314,5568509
Hong Kong,2022-03-20,"Pfizer/BioNTech, Sinovac",https://data.gov.hk/en-data/dataset/hk-fhb-fhbcovid19-vaccination-rates-over-time-by-age,14530887,6464368,5581463
Hong Kong,2022-03-21,"Pfizer/BioNTech, Sinovac",https://data.gov.hk/en-data/dataset/hk-fhb-fhbcovid19-vaccination-rates-over-time-by-age,14597068,6470939,5606784
Hong Kong,2022-03-22,"Pfizer/BioNTech, Sinovac",https://data.gov.hk/en-data/dataset/hk-fhb-fhbcovid19-vaccination-rates-over-time-by-age,14660689,6477843,5631197
Hong Kong,2022-03-23,"Pfizer/BioNTech, Sinovac",https://data.gov.hk/en-data/dataset/hk-fhb-fhbcovid19-vaccination-rates-over-time-by-age,14719043,6483575,5654160
Hong Kong,2022-03-24,"Pfizer/BioNTech, Sinovac",https://data.gov.hk/en-data/dataset/hk-fhb-fhbcovid19-vaccination-rates-over-time-by-age,14779312,6488762,5677735
Hong Kong,2022-03-25,"Pfizer/BioNTech, Sinovac",https://data.gov.hk/en-data/dataset/hk-fhb-fhbcovid19-vaccination-rates-over-time-by-age,14846526,6494547,5704952
Hong Kong,2022-03-26,"Pfizer/BioNTech, Sinovac",https://data.gov.hk/en-data/dataset/hk-fhb-fhbcovid19-vaccination-rates-over-time-by-age,14904827,6499298,5727063
Hong Kong,2022-03-27,"Pfizer/BioNTech, Sinovac",https://data.gov.hk/en-data/dataset/hk-fhb-fhbcovid19-vaccination-rates-over-time-by-age,14944538,6502191,5739604
Hong Kong,2022-03-28,"Pfizer/BioNTech, Sinovac",https://data.gov.hk/en-data/dataset/hk-fhb-fhbcovid19-vaccination-rates-over-time-by-age,14996358,6506635,5761103
Hong Kong,2022-03-29,"Pfizer/BioNTech, Sinovac",https://data.gov.hk/en-data/dataset/hk-fhb-fhbcovid19-vaccination-rates-over-time-by-age,15041801,6510827,5780536
Hong Kong,2022-03-30,"Pfizer/BioNTech, Sinovac",https://data.gov.hk/en-data/dataset/hk-fhb-fhbcovid19-vaccination-rates-over-time-by-age,15084354,6514757,5799233
Hong Kong,2022-03-31,"Pfizer/BioNTech, Sinovac",https://data.gov.hk/en-data/dataset/hk-fhb-fhbcovid19-vaccination-rates-over-time-by-age,15128432,6519042,5817020
Hong Kong,2022-04-01,"Pfizer/BioNTech, Sinovac",https://data.gov.hk/en-data/dataset/hk-fhb-fhbcovid19-vaccination-rates-over-time-by-age,15175588,6523176,5834630
Hong Kong,2022-04-02,"Pfizer/BioNTech, Sinovac",https://data.gov.hk/en-data/dataset/hk-fhb-fhbcovid19-vaccination-rates-over-time-by-age,15220521,6526617,5851542
Hong Kong,2022-04-03,"Pfizer/BioNTech, Sinovac",https://data.gov.hk/en-data/dataset/hk-fhb-fhbcovid19-vaccination-rates-over-time-by-age,15247435,6528846,5860484
Hong Kong,2022-04-04,"Pfizer/BioNTech, Sinovac",https://data.gov.hk/en-data/dataset/hk-fhb-fhbcovid19-vaccination-rates-over-time-by-age,15286341,6532797,5876962
Hong Kong,2022-04-05,"Pfizer/BioNTech, Sinovac",https://data.gov.hk/en-data/dataset/hk-fhb-fhbcovid19-vaccination-rates-over-time-by-age,15302302,6534403,5882297
Hong Kong,2022-04-06,"Pfizer/BioNTech, Sinovac",https://data.gov.hk/en-data/dataset/hk-fhb-fhbcovid19-vaccination-rates-over-time-by-age,15335058,6537887,5896656
Hong Kong,2022-04-07,"Pfizer/BioNTech, Sinovac",https://data.gov.hk/en-data/dataset/hk-fhb-fhbcovid19-vaccination-rates-over-time-by-age,15368173,6541515,5910146
Hong Kong,2022-04-08,"Pfizer/BioNTech, Sinovac",https://data.gov.hk/en-data/dataset/hk-fhb-fhbcovid19-vaccination-rates-over-time-by-age,15411325,6545763,5925907
Hong Kong,2022-04-09,"Pfizer/BioNTech, Sinovac",https://data.gov.hk/en-data/dataset/hk-fhb-fhbcovid19-vaccination-rates-over-time-by-age,15450483,6549331,5939204
Hong Kong,2022-04-10,"Pfizer/BioNTech, Sinovac",https://data.gov.hk/en-data/dataset/hk-fhb-fhbcovid19-vaccination-rates-over-time-by-age,15473223,6551606,5946550
Hong Kong,2022-04-11,"Pfizer/BioNTech, Sinovac",https://data.gov.hk/en-data/dataset/hk-fhb-fhbcovid19-vaccination-rates-over-time-by-age,15510384,6556315,5959070
Hong Kong,2022-04-12,"Pfizer/BioNTech, Sinovac",https://data.gov.hk/en-data/dataset/hk-fhb-fhbcovid19-vaccination-rates-over-time-by-age,15542614,6560994,5970074
Hong Kong,2022-04-13,"Pfizer/BioNTech, Sinovac",https://data.gov.hk/en-data/dataset/hk-fhb-fhbcovid19-vaccination-rates-over-time-by-age,15575686,6566117,5980283
Hong Kong,2022-04-14,"Pfizer/BioNTech, Sinovac",https://data.gov.hk/en-data/dataset/hk-fhb-fhbcovid19-vaccination-rates-over-time-by-age,15618667,6572293,5992766
Hong Kong,2022-04-15,"Pfizer/BioNTech, Sinovac",https://data.gov.hk/en-data/dataset/hk-fhb-fhbcovid19-vaccination-rates-over-time-by-age,15650644,6576408,6000193
Hong Kong,2022-04-16,"Pfizer/BioNTech, Sinovac",https://data.gov.hk/en-data/dataset/hk-fhb-fhbcovid19-vaccination-rates-over-time-by-age,15675453,6579308,6007021
Hong Kong,2022-04-17,"Pfizer/BioNTech, Sinovac",https://data.gov.hk/en-data/dataset/hk-fhb-fhbcovid19-vaccination-rates-over-time-by-age,15696066,6581653,6013425
Hong Kong,2022-04-18,"Pfizer/BioNTech, Sinovac",https://data.gov.hk/en-data/dataset/hk-fhb-fhbcovid19-vaccination-rates-over-time-by-age,15714471,6584188,6018906
Hong Kong,2022-04-19,"Pfizer/BioNTech, Sinovac",https://data.gov.hk/en-data/dataset/hk-fhb-fhbcovid19-vaccination-rates-over-time-by-age,15745868,6589149,6030433
Hong Kong,2022-04-20,"Pfizer/BioNTech, Sinovac",https://data.gov.hk/en-data/dataset/hk-fhb-fhbcovid19-vaccination-rates-over-time-by-age,15771670,6593498,6039064
Hong Kong,2022-04-21,"Pfizer/BioNTech, Sinovac",https://data.gov.hk/en-data/dataset/hk-fhb-fhbcovid19-vaccination-rates-over-time-by-age,15797242,6597777,6046831
Hong Kong,2022-04-22,"Pfizer/BioNTech, Sinovac",https://data.gov.hk/en-data/dataset/hk-fhb-fhbcovid19-vaccination-rates-over-time-by-age,15828537,6602679,6057512
Hong Kong,2022-04-23,"Pfizer/BioNTech, Sinovac",https://data.gov.hk/en-data/dataset/hk-fhb-fhbcovid19-vaccination-rates-over-time-by-age,15856379,6606930,6068395
Hong Kong,2022-04-24,"Pfizer/BioNTech, Sinovac",https://data.gov.hk/en-data/dataset/hk-fhb-fhbcovid19-vaccination-rates-over-time-by-age,15871809,6608993,6074163
Hong Kong,2022-04-25,"Pfizer/BioNTech, Sinovac",https://data.gov.hk/en-data/dataset/hk-fhb-fhbcovid19-vaccination-rates-over-time-by-age,15896752,6613111,6082153
Hong Kong,2022-04-26,"Pfizer/BioNTech, Sinovac",https://data.gov.hk/en-data/dataset/hk-fhb-fhbcovid19-vaccination-rates-over-time-by-age,15919622,6617197,6089680
Hong Kong,2022-04-27,"Pfizer/BioNTech, Sinovac",https://data.gov.hk/en-data/dataset/hk-fhb-fhbcovid19-vaccination-rates-over-time-by-age,15941362,6620960,6096806
Hong Kong,2022-04-28,"Pfizer/BioNTech, Sinovac",https://data.gov.hk/en-data/dataset/hk-fhb-fhbcovid19-vaccination-rates-over-time-by-age,15968991,6624626,6105221
Hong Kong,2022-04-29,"Pfizer/BioNTech, Sinovac",https://data.gov.hk/en-data/dataset/hk-fhb-fhbcovid19-vaccination-rates-over-time-by-age,16005256,6629370,6118621
Hong Kong,2022-04-30,"Pfizer/BioNTech, Sinovac",https://data.gov.hk/en-data/dataset/hk-fhb-fhbcovid19-vaccination-rates-over-time-by-age,16042519,6632978,6135354
Hong Kong,2022-05-01,"Pfizer/BioNTech, Sinovac",https://data.gov.hk/en-data/dataset/hk-fhb-fhbcovid19-vaccination-rates-over-time-by-age,16065145,6634711,6145499
Hong Kong,2022-05-02,"Pfizer/BioNTech, Sinovac",https://data.gov.hk/en-data/dataset/hk-fhb-fhbcovid19-vaccination-rates-over-time-by-age,16081501,6636378,6152521
Hong Kong,2022-05-03,"Pfizer/BioNTech, Sinovac",https://data.gov.hk/en-data/dataset/hk-fhb-fhbcovid19-vaccination-rates-over-time-by-age,16109972,6639539,6163279
Hong Kong,2022-05-04,"Pfizer/BioNTech, Sinovac",https://data.gov.hk/en-data/dataset/hk-fhb-fhbcovid19-vaccination-rates-over-time-by-age,16135242,6642713,6171348
Hong Kong,2022-05-05,"Pfizer/BioNTech, Sinovac",https://data.gov.hk/en-data/dataset/hk-fhb-fhbcovid19-vaccination-rates-over-time-by-age,16165593,6645695,6179302
Hong Kong,2022-05-06,"Pfizer/BioNTech, Sinovac",https://data.gov.hk/en-data/dataset/hk-fhb-fhbcovid19-vaccination-rates-over-time-by-age,16203337,6649370,6190427
Hong Kong,2022-05-07,"Pfizer/BioNTech, Sinovac",https://data.gov.hk/en-data/dataset/hk-fhb-fhbcovid19-vaccination-rates-over-time-by-age,16239986,6652493,6202665
Hong Kong,2022-05-08,"Pfizer/BioNTech, Sinovac",https://data.gov.hk/en-data/dataset/hk-fhb-fhbcovid19-vaccination-rates-over-time-by-age,16263220,6653828,6209973
Hong Kong,2022-05-09,"Pfizer/BioNTech, Sinovac",https://data.gov.hk/en-data/dataset/hk-fhb-fhbcovid19-vaccination-rates-over-time-by-age,16281276,6655249,6214576
Hong Kong,2022-05-10,"Pfizer/BioNTech, Sinovac",https://data.gov.hk/en-data/dataset/hk-fhb-fhbcovid19-vaccination-rates-over-time-by-age,16313294,6658308,6222039
Hong Kong,2022-05-11,"Pfizer/BioNTech, Sinovac",https://data.gov.hk/en-data/dataset/hk-fhb-fhbcovid19-vaccination-rates-over-time-by-age,16337491,6660431,6227088
Hong Kong,2022-05-12,"Pfizer/BioNTech, Sinovac",https://data.gov.hk/en-data/dataset/hk-fhb-fhbcovid19-vaccination-rates-over-time-by-age,16363672,6662039,6232109
Hong Kong,2022-05-13,"Pfizer/BioNTech, Sinovac",https://data.gov.hk/en-data/dataset/hk-fhb-fhbcovid19-vaccination-rates-over-time-by-age,16398722,6664454,6239603
Hong Kong,2022-05-14,"Pfizer/BioNTech, Sinovac",https://data.gov.hk/en-data/dataset/hk-fhb-fhbcovid19-vaccination-rates-over-time-by-age,16433199,6667480,6248760
Hong Kong,2022-05-15,"Pfizer/BioNTech, Sinovac",https://data.gov.hk/en-data/dataset/hk-fhb-fhbcovid19-vaccination-rates-over-time-by-age,16454022,6668596,6253486
Hong Kong,2022-05-16,"Pfizer/BioNTech, Sinovac",https://data.gov.hk/en-data/dataset/hk-fhb-fhbcovid19-vaccination-rates-over-time-by-age,16484707,6671135,6258096
Hong Kong,2022-05-17,"Pfizer/BioNTech, Sinovac",https://data.gov.hk/en-data/dataset/hk-fhb-fhbcovid19-vaccination-rates-over-time-by-age,16514321,6673683,6263033
Hong Kong,2022-05-18,"Pfizer/BioNTech, Sinovac",https://data.gov.hk/en-data/dataset/hk-fhb-fhbcovid19-vaccination-rates-over-time-by-age,16542759,6675966,6267309
Hong Kong,2022-05-19,"Pfizer/BioNTech, Sinovac",https://data.gov.hk/en-data/dataset/hk-fhb-fhbcovid19-vaccination-rates-over-time-by-age,16574056,6678212,6272058
Hong Kong,2022-05-20,"Pfizer/BioNTech, Sinovac",https://data.gov.hk/en-data/dataset/hk-fhb-fhbcovid19-vaccination-rates-over-time-by-age,16617670,6681149,6279930
Hong Kong,2022-05-21,"Pfizer/BioNTech, Sinovac",https://data.gov.hk/en-data/dataset/hk-fhb-fhbcovid19-vaccination-rates-over-time-by-age,16658946,6683508,6287919
Hong Kong,2022-05-22,"Pfizer/BioNTech, Sinovac",https://data.gov.hk/en-data/dataset/hk-fhb-fhbcovid19-vaccination-rates-over-time-by-age,16685999,6684759,6292105
Hong Kong,2022-05-23,"Pfizer/BioNTech, Sinovac",https://data.gov.hk/en-data/dataset/hk-fhb-fhbcovid19-vaccination-rates-over-time-by-age,16723560,6687293,6297036
Hong Kong,2022-05-24,"Pfizer/BioNTech, Sinovac",https://data.gov.hk/en-data/dataset/hk-fhb-fhbcovid19-vaccination-rates-over-time-by-age,16754990,6689353,6301383
Hong Kong,2022-05-25,"Pfizer/BioNTech, Sinovac",https://data.gov.hk/en-data/dataset/hk-fhb-fhbcovid19-vaccination-rates-over-time-by-age,16786693,6691206,6305828
Hong Kong,2022-05-26,"Pfizer/BioNTech, Sinovac",https://data.gov.hk/en-data/dataset/hk-fhb-fhbcovid19-vaccination-rates-over-time-by-age,16824512,6692908,6310546
Hong Kong,2022-05-27,"Pfizer/BioNTech, Sinovac",https://data.gov.hk/en-data/dataset/hk-fhb-fhbcovid19-vaccination-rates-over-time-by-age,16872441,6695140,6316852
Hong Kong,2022-05-28,"Pfizer/BioNTech, Sinovac",https://data.gov.hk/en-data/dataset/hk-fhb-fhbcovid19-vaccination-rates-over-time-by-age,16921713,6697103,6323972
Hong Kong,2022-05-29,"Pfizer/BioNTech, Sinovac",https://data.gov.hk/en-data/dataset/hk-fhb-fhbcovid19-vaccination-rates-over-time-by-age,16959940,6698151,6327534
Hong Kong,2022-05-30,"Pfizer/BioNTech, Sinovac",https://data.gov.hk/en-data/dataset/hk-fhb-fhbcovid19-vaccination-rates-over-time-by-age,17019918,6700106,6332384
Hong Kong,2022-05-31,"Pfizer/BioNTech, Sinovac",https://data.gov.hk/en-data/dataset/hk-fhb-fhbcovid19-vaccination-rates-over-time-by-age,17082627,6701931,6337297
Hong Kong,2022-06-01,"Pfizer/BioNTech, Sinovac",https://data.gov.hk/en-data/dataset/hk-fhb-fhbcovid19-vaccination-rates-over-time-by-age,17121125,6703900,6341336
Hong Kong,2022-06-02,"Pfizer/BioNTech, Sinovac",https://data.gov.hk/en-data/dataset/hk-fhb-fhbcovid19-vaccination-rates-over-time-by-age,17160091,6706540,6346908
Hong Kong,2022-06-03,"Pfizer/BioNTech, Sinovac",https://data.gov.hk/en-data/dataset/hk-fhb-fhbcovid19-vaccination-rates-over-time-by-age,17184789,6707955,6350486
Hong Kong,2022-06-04,"Pfizer/BioNTech, Sinovac",https://data.gov.hk/en-data/dataset/hk-fhb-fhbcovid19-vaccination-rates-over-time-by-age,17222368,6710066,6356187
Hong Kong,2022-06-05,"Pfizer/BioNTech, Sinovac",https://data.gov.hk/en-data/dataset/hk-fhb-fhbcovid19-vaccination-rates-over-time-by-age,17246752,6711189,6358920
Hong Kong,2022-06-06,"Pfizer/BioNTech, Sinovac",https://data.gov.hk/en-data/dataset/hk-fhb-fhbcovid19-vaccination-rates-over-time-by-age,17273803,6712987,6363360
Hong Kong,2022-06-07,"Pfizer/BioNTech, Sinovac",https://data.gov.hk/en-data/dataset/hk-fhb-fhbcovid19-vaccination-rates-over-time-by-age,17295057,6714343,6366740
Hong Kong,2022-06-08,"Pfizer/BioNTech, Sinovac",https://data.gov.hk/en-data/dataset/hk-fhb-fhbcovid19-vaccination-rates-over-time-by-age,17312844,6715583,6369804
Hong Kong,2022-06-09,"Pfizer/BioNTech, Sinovac",https://data.gov.hk/en-data/dataset/hk-fhb-fhbcovid19-vaccination-rates-over-time-by-age,17332385,6716805,6372883
Hong Kong,2022-06-10,"Pfizer/BioNTech, Sinovac",https://data.gov.hk/en-data/dataset/hk-fhb-fhbcovid19-vaccination-rates-over-time-by-age,17358410,6719021,6378189
Hong Kong,2022-06-11,"Pfizer/BioNTech, Sinovac",https://data.gov.hk/en-data/dataset/hk-fhb-fhbcovid19-vaccination-rates-over-time-by-age,17385040,6721166,6384436
Hong Kong,2022-06-12,"Pfizer/BioNTech, Sinovac",https://data.gov.hk/en-data/dataset/hk-fhb-fhbcovid19-vaccination-rates-over-time-by-age,17398670,6722096,6387053
Hong Kong,2022-06-13,"Pfizer/BioNTech, Sinovac",https://data.gov.hk/en-data/dataset/hk-fhb-fhbcovid19-vaccination-rates-over-time-by-age,17421165,6723810,6391884
Hong Kong,2022-06-14,"Pfizer/BioNTech, Sinovac",https://data.gov.hk/en-data/dataset/hk-fhb-fhbcovid19-vaccination-rates-over-time-by-age,17440146,6725216,6395950
Hong Kong,2022-06-15,"Pfizer/BioNTech, Sinovac",https://data.gov.hk/en-data/dataset/hk-fhb-fhbcovid19-vaccination-rates-over-time-by-age,17459369,6726573,6399812
Hong Kong,2022-06-16,"Pfizer/BioNTech, Sinovac",https://data.gov.hk/en-data/dataset/hk-fhb-fhbcovid19-vaccination-rates-over-time-by-age,17479992,6728107,6404580
Hong Kong,2022-06-17,"Pfizer/BioNTech, Sinovac",https://data.gov.hk/en-data/dataset/hk-fhb-fhbcovid19-vaccination-rates-over-time-by-age,17504231,6730076,6410229
Hong Kong,2022-06-18,"Pfizer/BioNTech, Sinovac",https://data.gov.hk/en-data/dataset/hk-fhb-fhbcovid19-vaccination-rates-over-time-by-age,17526466,6731792,6415597
Hong Kong,2022-06-19,"Pfizer/BioNTech, Sinovac",https://data.gov.hk/en-data/dataset/hk-fhb-fhbcovid19-vaccination-rates-over-time-by-age,17536738,6732461,6417791
Hong Kong,2022-06-20,"Pfizer/BioNTech, Sinovac",https://data.gov.hk/en-data/dataset/hk-fhb-fhbcovid19-vaccination-rates-over-time-by-age,17556133,6733918,6422356
Hong Kong,2022-06-21,"Pfizer/BioNTech, Sinovac",https://data.gov.hk/en-data/dataset/hk-fhb-fhbcovid19-vaccination-rates-over-time-by-age,17572406,6735026,6425696
Hong Kong,2022-06-22,"Pfizer/BioNTech, Sinovac",https://data.gov.hk/en-data/dataset/hk-fhb-fhbcovid19-vaccination-rates-over-time-by-age,17587482,6735952,6428628
Hong Kong,2022-06-23,"Pfizer/BioNTech, Sinovac",https://data.gov.hk/en-data/dataset/hk-fhb-fhbcovid19-vaccination-rates-over-time-by-age,17603883,6737120,6432053
Hong Kong,2022-06-24,"Pfizer/BioNTech, Sinovac",https://data.gov.hk/en-data/dataset/hk-fhb-fhbcovid19-vaccination-rates-over-time-by-age,17622561,6738471,6435945
Hong Kong,2022-06-25,"Pfizer/BioNTech, Sinovac",https://data.gov.hk/en-data/dataset/hk-fhb-fhbcovid19-vaccination-rates-over-time-by-age,17641046,6739827,6440194
Hong Kong,2022-06-26,"Pfizer/BioNTech, Sinovac",https://data.gov.hk/en-data/dataset/hk-fhb-fhbcovid19-vaccination-rates-over-time-by-age,17649646,6740339,6441966
Hong Kong,2022-06-27,"Pfizer/BioNTech, Sinovac",https://data.gov.hk/en-data/dataset/hk-fhb-fhbcovid19-vaccination-rates-over-time-by-age,17665286,6741305,6445070
Hong Kong,2022-06-28,"Pfizer/BioNTech, Sinovac",https://data.gov.hk/en-data/dataset/hk-fhb-fhbcovid19-vaccination-rates-over-time-by-age,17679822,6742230,6447891
Hong Kong,2022-06-29,"Pfizer/BioNTech, Sinovac",https://data.gov.hk/en-data/dataset/hk-fhb-fhbcovid19-vaccination-rates-over-time-by-age,17693598,6743025,6450606
Hong Kong,2022-06-30,"Pfizer/BioNTech, Sinovac",https://data.gov.hk/en-data/dataset/hk-fhb-fhbcovid19-vaccination-rates-over-time-by-age,17713441,6744416,6454898
Hong Kong,2022-07-01,"Pfizer/BioNTech, Sinovac",https://data.gov.hk/en-data/dataset/hk-fhb-fhbcovid19-vaccination-rates-over-time-by-age,17721342,6744948,6456322
Hong Kong,2022-07-02,"Pfizer/BioNTech, Sinovac",https://data.gov.hk/en-data/dataset/hk-fhb-fhbcovid19-vaccination-rates-over-time-by-age,17721467,6744960,6456352
Hong Kong,2022-07-03,"Pfizer/BioNTech, Sinovac",https://data.gov.hk/en-data/dataset/hk-fhb-fhbcovid19-vaccination-rates-over-time-by-age,17731681,6745496,6458309
Hong Kong,2022-07-04,"Pfizer/BioNTech, Sinovac",https://data.gov.hk/en-data/dataset/hk-fhb-fhbcovid19-vaccination-rates-over-time-by-age,17747229,6746491,6461470
Hong Kong,2022-07-05,"Pfizer/BioNTech, Sinovac",https://data.gov.hk/en-data/dataset/hk-fhb-fhbcovid19-vaccination-rates-over-time-by-age,17759842,6747278,6463837
Hong Kong,2022-07-06,"Pfizer/BioNTech, Sinovac",https://data.gov.hk/en-data/dataset/hk-fhb-fhbcovid19-vaccination-rates-over-time-by-age,17771394,6748031,6465789
Hong Kong,2022-07-07,"Pfizer/BioNTech, Sinovac",https://data.gov.hk/en-data/dataset/hk-fhb-fhbcovid19-vaccination-rates-over-time-by-age,17783604,6748804,6467924
Hong Kong,2022-07-08,"Pfizer/BioNTech, Sinovac",https://data.gov.hk/en-data/dataset/hk-fhb-fhbcovid19-vaccination-rates-over-time-by-age,17801458,6750159,6471411
Hong Kong,2022-07-09,"Pfizer/BioNTech, Sinovac",https://data.gov.hk/en-data/dataset/hk-fhb-fhbcovid19-vaccination-rates-over-time-by-age,17817600,6751278,6474495
Hong Kong,2022-07-10,"Pfizer/BioNTech, Sinovac",https://data.gov.hk/en-data/dataset/hk-fhb-fhbcovid19-vaccination-rates-over-time-by-age,17824630,6751682,6475719
Hong Kong,2022-07-11,"Pfizer/BioNTech, Sinovac",https://data.gov.hk/en-data/dataset/hk-fhb-fhbcovid19-vaccination-rates-over-time-by-age,17838139,6752621,6478321
Hong Kong,2022-07-12,"Pfizer/BioNTech, Sinovac",https://data.gov.hk/en-data/dataset/hk-fhb-fhbcovid19-vaccination-rates-over-time-by-age,17850122,6753331,6480281
Hong Kong,2022-07-13,"Pfizer/BioNTech, Sinovac",https://data.gov.hk/en-data/dataset/hk-fhb-fhbcovid19-vaccination-rates-over-time-by-age,17860961,6754053,6482213
Hong Kong,2022-07-14,"Pfizer/BioNTech, Sinovac",https://data.gov.hk/en-data/dataset/hk-fhb-fhbcovid19-vaccination-rates-over-time-by-age,17872282,6754814,6484245
Hong Kong,2022-07-15,"Pfizer/BioNTech, Sinovac",https://data.gov.hk/en-data/dataset/hk-fhb-fhbcovid19-vaccination-rates-over-time-by-age,17888076,6756026,6487237
Hong Kong,2022-07-16,"Pfizer/BioNTech, Sinovac",https://data.gov.hk/en-data/dataset/hk-fhb-fhbcovid19-vaccination-rates-over-time-by-age,17903431,6757192,6490274
Hong Kong,2022-07-17,"Pfizer/BioNTech, Sinovac",https://data.gov.hk/en-data/dataset/hk-fhb-fhbcovid19-vaccination-rates-over-time-by-age,17910763,6757626,6491421
Hong Kong,2022-07-18,"Pfizer/BioNTech, Sinovac",https://data.gov.hk/en-data/dataset/hk-fhb-fhbcovid19-vaccination-rates-over-time-by-age,17923044,6758438,6493723
Hong Kong,2022-07-19,"Pfizer/BioNTech, Sinovac",https://data.gov.hk/en-data/dataset/hk-fhb-fhbcovid19-vaccination-rates-over-time-by-age,17934833,6759213,6495555
Hong Kong,2022-07-20,"Pfizer/BioNTech, Sinovac",https://data.gov.hk/en-data/dataset/hk-fhb-fhbcovid19-vaccination-rates-over-time-by-age,17945400,6759895,6497247
Hong Kong,2022-07-21,"Pfizer/BioNTech, Sinovac",https://data.gov.hk/en-data/dataset/hk-fhb-fhbcovid19-vaccination-rates-over-time-by-age,17956044,6760560,6498905
Hong Kong,2022-07-22,"Pfizer/BioNTech, Sinovac",https://data.gov.hk/en-data/dataset/hk-fhb-fhbcovid19-vaccination-rates-over-time-by-age,17971209,6761702,6501286
Hong Kong,2022-07-23,"Pfizer/BioNTech, Sinovac",https://data.gov.hk/en-data/dataset/hk-fhb-fhbcovid19-vaccination-rates-over-time-by-age,17985464,6762575,6503466
Hong Kong,2022-07-24,"Pfizer/BioNTech, Sinovac",https://data.gov.hk/en-data/dataset/hk-fhb-fhbcovid19-vaccination-rates-over-time-by-age,17992323,6762957,6504492
Hong Kong,2022-07-25,"Pfizer/BioNTech, Sinovac",https://data.gov.hk/en-data/dataset/hk-fhb-fhbcovid19-vaccination-rates-over-time-by-age,18005054,6763696,6506294
Hong Kong,2022-07-26,"Pfizer/BioNTech, Sinovac",https://data.gov.hk/en-data/dataset/hk-fhb-fhbcovid19-vaccination-rates-over-time-by-age,18016080,6764386,6507917
Hong Kong,2022-07-27,"Pfizer/BioNTech, Sinovac",https://data.gov.hk/en-data/dataset/hk-fhb-fhbcovid19-vaccination-rates-over-time-by-age,18028180,6765060,6509675
Hong Kong,2022-07-28,"Pfizer/BioNTech, Sinovac",https://data.gov.hk/en-data/dataset/hk-fhb-fhbcovid19-vaccination-rates-over-time-by-age,18040602,6765784,6511646
Hong Kong,2022-07-29,"Pfizer/BioNTech, Sinovac",https://data.gov.hk/en-data/dataset/hk-fhb-fhbcovid19-vaccination-rates-over-time-by-age,18056279,6766794,6513903
Hong Kong,2022-07-30,"Pfizer/BioNTech, Sinovac",https://data.gov.hk/en-data/dataset/hk-fhb-fhbcovid19-vaccination-rates-over-time-by-age,18070641,6767650,6515854
Hong Kong,2022-07-31,"Pfizer/BioNTech, Sinovac",https://data.gov.hk/en-data/dataset/hk-fhb-fhbcovid19-vaccination-rates-over-time-by-age,18077721,6768022,6516762
Hong Kong,2022-08-01,"Pfizer/BioNTech, Sinovac",https://data.gov.hk/en-data/dataset/hk-fhb-fhbcovid19-vaccination-rates-over-time-by-age,18090362,6768835,6518383
Hong Kong,2022-08-02,"Pfizer/BioNTech, Sinovac",https://data.gov.hk/en-data/dataset/hk-fhb-fhbcovid19-vaccination-rates-over-time-by-age,18102492,6769602,6519975
Hong Kong,2022-08-03,"Pfizer/BioNTech, Sinovac",https://data.gov.hk/en-data/dataset/hk-fhb-fhbcovid19-vaccination-rates-over-time-by-age,18115304,6770323,6521543
Hong Kong,2022-08-04,"Pfizer/BioNTech, Sinovac",https://data.gov.hk/en-data/dataset/hk-fhb-fhbcovid19-vaccination-rates-over-time-by-age,18129611,6771275,6523147
Hong Kong,2022-08-05,"Pfizer/BioNTech, Sinovac",https://data.gov.hk/en-data/dataset/hk-fhb-fhbcovid19-vaccination-rates-over-time-by-age,18148483,6772681,6525385
Hong Kong,2022-08-06,"Pfizer/BioNTech, Sinovac",https://data.gov.hk/en-data/dataset/hk-fhb-fhbcovid19-vaccination-rates-over-time-by-age,18168002,6774217,6527607
Hong Kong,2022-08-07,"Pfizer/BioNTech, Sinovac",https://data.gov.hk/en-data/dataset/hk-fhb-fhbcovid19-vaccination-rates-over-time-by-age,18178952,6775032,6528707
Hong Kong,2022-08-08,"Pfizer/BioNTech, Sinovac",https://data.gov.hk/en-data/dataset/hk-fhb-fhbcovid19-vaccination-rates-over-time-by-age,18197904,6776367,6530638
Hong Kong,2022-08-09,"Pfizer/BioNTech, Sinovac",https://data.gov.hk/en-data/dataset/hk-fhb-fhbcovid19-vaccination-rates-over-time-by-age,18213004,6777438,6532296
Hong Kong,2022-08-10,"Pfizer/BioNTech, Sinovac",https://data.gov.hk/en-data/dataset/hk-fhb-fhbcovid19-vaccination-rates-over-time-by-age,18226585,6778357,6533675
Hong Kong,2022-08-11,"Pfizer/BioNTech, Sinovac",https://data.gov.hk/en-data/dataset/hk-fhb-fhbcovid19-vaccination-rates-over-time-by-age,18241839,6779368,6535414
Hong Kong,2022-08-12,"Pfizer/BioNTech, Sinovac",https://data.gov.hk/en-data/dataset/hk-fhb-fhbcovid19-vaccination-rates-over-time-by-age,18261079,6780791,6537582
Hong Kong,2022-08-13,"Pfizer/BioNTech, Sinovac",https://data.gov.hk/en-data/dataset/hk-fhb-fhbcovid19-vaccination-rates-over-time-by-age,18281521,6782395,6539939
Hong Kong,2022-08-14,"Pfizer/BioNTech, Sinovac",https://data.gov.hk/en-data/dataset/hk-fhb-fhbcovid19-vaccination-rates-over-time-by-age,18293689,6783403,6541316
